Survived,Pclass,Sex,Age,SibSp,Parch,Ticket,Fare,Embarked,FamilySize,IsAlone,Title,AgeBin,FareBand,TicketPrefix
0,3,1,-0.533833690156903,1,0,A/5 21171,-0.5024451714361923,2,0.059159876663617626,0,0,0,0,1
1,1,0,0.6748905162855552,1,0,PC 17599,0.7868452935884461,0,0.059159876663617626,0,0,0,3,11
1,3,0,-0.23165263854628843,0,0,STON/O2. 3101282,-0.4888542575852486,2,-0.5609748304808925,1,0,0,1,27
1,1,0,0.44825472757759427,1,0,113803,0.4207302360686478,2,0.059159876663617626,0,0,0,3,10
0,3,1,0.44825472757759427,0,0,373450,-0.4863374216869257,2,-0.5609748304808925,1,0,0,1,10
0,3,1,-0.38274316435159567,0,0,330877,-0.47811642890864375,1,-0.5609748304808925,1,0,0,1,10
0,1,1,1.8836147227280133,0,0,17463,0.395813560675251,2,-0.5609748304808925,1,0,2,3,10
0,3,1,-2.0447389482099756,3,1,349909,-0.22408312108167944,2,1.9195639980971482,0,0,1,2,10
1,3,0,-0.15610737564363478,0,2,347742,-0.4242561406845337,2,0.6792945838081278,0,0,0,1,10
1,2,0,-1.138195793378132,1,0,237736,-0.04295550208861426,0,0.059159876663617626,0,0,4,2,10
1,3,0,-1.8936484224046684,1,1,PP 9549,-0.312172377522981,2,0.6792945838081278,0,0,1,2,12
1,1,0,2.185795774338628,0,0,113783,-0.11384570873513637,2,-0.5609748304808925,1,0,2,2,10
0,3,1,-0.6849242159622102,0,0,A/5. 2151,-0.4863374216869257,2,-0.5609748304808925,1,0,4,1,1
0,3,1,0.7504357791882088,1,5,347082,-0.01870931177853076,2,3.1598334123861687,0,0,0,3,10
0,3,0,-1.138195793378132,0,0,350406,-0.4902797934380587,2,-0.5609748304808925,1,0,4,0,10
1,2,0,1.959159985630667,0,0,248706,-0.3262666585535892,2,-0.5609748304808925,1,0,2,2,10
0,3,1,-2.0447389482099756,4,1,382652,-0.06199888922968463,1,2.5396987052416584,0,0,1,2,10
1,2,1,-0.0050168498383275206,0,0,244373,-0.3866707201133388,2,-0.5609748304808925,1,0,0,1,10
0,3,0,0.14607367596697973,1,0,345763,-0.2859972841804228,2,0.059159876663617626,0,0,0,2,10
1,3,0,-0.38274316435159567,0,0,2649,-0.5029485386158568,0,-0.5609748304808925,1,0,0,0,10
0,2,1,0.44825472757759427,0,0,239865,-0.12491978668775715,2,-0.5609748304808925,1,0,0,2,10
1,2,1,0.37270946467494065,0,0,248698,-0.3866707201133388,2,-0.5609748304808925,1,0,0,1,10
1,3,0,-1.0626505304754783,0,0,330923,-0.4867562231804066,1,-0.5609748304808925,1,0,4,1,10
1,1,1,-0.08056211274098116,0,0,113788,0.06635974158478332,2,-0.5609748304808925,1,0,0,3,10
0,3,0,-1.5914673707940539,3,1,349909,-0.22408312108167944,2,1.9195639980971482,0,0,1,2,10
1,3,0,0.6748905162855552,1,5,347077,-0.016444159470040135,2,3.1598334123861687,0,0,0,3,10
0,3,1,-0.38274316435159567,0,0,2631,-0.5029485386158568,0,-0.5609748304808925,1,0,0,0,10
0,1,1,-0.7604694788648638,3,2,19950,4.647001076532463,2,2.5396987052416584,0,0,4,3,10
1,3,0,-0.38274316435159567,0,0,330959,-0.48977642625839407,1,-0.5609748304808925,1,0,0,0,10
0,3,1,-0.38274316435159567,0,0,349216,-0.4894421904510968,2,-0.5609748304808925,1,0,0,0,10
0,1,1,0.8259810420908624,0,0,PC 17601,-0.09027201697708476,0,-0.5609748304808925,1,0,0,2,11
1,1,0,0.5993452533829016,1,0,PC 17569,2.301728820789,0,0.059159876663617626,0,0,0,3,11
1,3,0,-0.38274316435159567,0,0,335677,-0.49237782784290063,1,-0.5609748304808925,1,0,0,0,10
0,2,1,2.7901578775598566,0,0,C.A. 24579,-0.43700743807979686,2,-0.5609748304808925,1,0,3,1,4
0,1,1,-0.08056211274098116,1,0,PC 17604,1.0060617003323709,0,0.059159876663617626,0,0,0,3,11
0,1,1,0.9770715678961697,1,0,113789,0.39858208016340624,2,0.059159876663617626,0,0,2,3,10
1,3,1,-0.38274316435159567,0,0,2677,-0.5028639729296732,0,-0.5609748304808925,1,0,0,0,10
0,3,1,-0.6093789530595566,0,0,A./5. 2152,-0.4863374216869257,2,-0.5609748304808925,1,0,0,1,1
0,3,0,-0.8360147417675174,2,0,345764,-0.2859972841804228,2,0.6792945838081278,0,0,4,2,10
1,3,0,-1.138195793378132,1,0,2651,-0.42207354059350805,0,0.059159876663617626,0,0,4,1,10
0,3,0,0.8259810420908624,1,0,7546,-0.4576454924460446,2,0.059159876663617626,0,0,0,1,10
0,2,0,-0.15610737564363478,1,0,11668,-0.22559322262067316,2,0.059159876663617626,0,0,0,2,10
0,3,1,-0.38274316435159567,0,0,349253,-0.4894421904510968,0,-0.5609748304808925,1,0,0,0,10
1,2,0,-1.969193685307322,1,2,SC/Paris 2123,0.18876253192945994,0,1.299429290952638,0,0,1,3,19
1,3,0,-0.7604694788648638,0,0,330958,-0.48977642625839407,1,-0.5609748304808925,1,0,4,0,10
0,3,1,-0.38274316435159567,0,0,S.C./A.4. 23567,-0.4863374216869257,2,-0.5609748304808925,1,0,0,1,15
0,3,1,-0.38274316435159567,1,0,370371,-0.3363340021468808,1,0.059159876663617626,0,0,0,2,10
1,3,0,-0.38274316435159567,0,0,14311,-0.49237782784290063,1,-0.5609748304808925,1,0,0,0,10
0,3,1,-0.38274316435159567,2,0,2662,-0.21191774308354583,0,0.6792945838081278,0,0,0,2,10
0,3,0,-0.8360147417675174,1,0,349237,-0.29002422161773944,2,0.059159876663617626,0,0,4,2,10
0,3,1,-1.6670126336967075,4,1,3101295,0.1506737441786005,2,2.5396987052416584,0,0,1,3,10
0,3,1,-0.6093789530595566,0,0,A/4. 39886,-0.4913710934835715,2,-0.5609748304808925,1,0,0,0,0
1,1,0,1.5058884082147452,1,0,PC 17572,0.8964967865378598,0,0.059159876663617626,0,0,2,3,11
1,2,0,-0.0050168498383275206,1,0,2926,-0.12491978668775715,2,0.059159876663617626,0,0,0,2,10
0,1,1,2.714612614657203,0,1,113509,0.5995101505357573,0,0.059159876663617626,0,0,3,3,10
1,1,1,0.5993452533829016,0,0,19947,0.06635974158478332,2,-0.5609748304808925,1,0,0,3,10
1,2,0,-0.6093789530595566,0,0,C.A. 31026,-0.43700743807979686,2,-0.5609748304808925,1,0,0,1,4
0,3,1,-0.04278948128965434,0,0,2697,-0.5028639729296732,0,-0.5609748304808925,1,0,0,0,10
1,2,0,-1.8181031595020147,1,2,C.A. 34651,-0.08968408411123653,2,1.299429290952638,0,0,1,2,4
0,3,1,-1.364831582086093,5,2,CA 2144,0.2958951755118318,2,3.779968119530679,0,0,1,3,4
0,3,1,-0.533833690156903,0,0,2669,-0.5028639729296732,0,-0.5609748304808925,1,0,0,0,10
1,1,0,0.6748905162855552,0,0,113572,0.962353321387736,2,-0.5609748304808925,1,0,0,3,10
0,1,1,1.2037073566041305,1,0,36973,1.0323213593611125,2,0.059159876663617626,0,0,2,3,10
0,3,1,-1.8936484224046684,3,2,347088,-0.08666388103324908,2,2.5396987052416584,0,0,1,2,10
0,1,1,0.5993452533829016,0,0,PC 17605,-0.09027201697708476,0,-0.5609748304808925,1,0,0,2,11
1,3,1,-0.38274316435159567,1,1,2661,-0.3414522396297103,0,0.6792945838081278,0,0,0,2,10
1,2,0,-0.0050168498383275206,0,0,C.A. 29395,-0.43700743807979686,2,-0.5609748304808925,1,0,0,1,4
0,3,1,-0.7604694788648638,0,0,S.P. 3464,-0.4841568350646187,2,-0.5609748304808925,1,0,4,1,25
1,3,0,-0.9115600046701711,4,2,3101281,-0.4888542575852486,2,3.1598334123861687,0,0,4,1,10
0,3,1,-0.23165263854628843,2,0,315151,-0.47400492578514347,2,0.6792945838081278,0,0,0,1,10
0,2,1,0.22161893886963338,0,0,C.A. 33111,-0.43700743807979686,2,-0.5609748304808925,1,0,0,1,4
0,3,0,-0.9871052675728248,5,2,CA 2144,0.2958951755118318,2,3.779968119530679,0,0,4,3,4
0,2,1,-0.6093789530595566,0,0,S.O.C. 14879,0.8314778546749452,2,-0.5609748304808925,1,0,0,3,20
0,3,1,-0.23165263854628843,1,0,2680,-0.3573908580066095,0,0.059159876663617626,0,0,0,1,10
1,3,1,0.22161893886963338,0,0,1601,0.48910360681684706,2,-0.5609748304808925,1,0,0,3,10
0,3,1,-0.30719790144894205,0,0,348123,-0.494391296561559,2,-0.5609748304808925,1,0,0,0,10
0,3,1,-0.38274316435159567,0,0,349208,-0.4894421904510968,2,-0.5609748304808925,1,0,0,0,10
0,3,1,-0.38274316435159567,0,0,374746,-0.4863374216869257,2,-0.5609748304808925,1,0,0,1,10
1,2,1,-2.1331269058060807,0,2,248738,-0.06451572512800753,2,0.6792945838081278,0,0,1,2,10
1,3,0,0.07052841306432611,0,0,364516,-0.397241430886295,2,-0.5609748304808925,1,0,0,1,10
0,3,1,-0.533833690156903,0,0,345767,-0.46720946885967163,2,-0.5609748304808925,1,0,0,1,10
1,3,1,-0.0050168498383275206,0,0,345779,-0.45714212526638004,2,-0.5609748304808925,1,0,0,1,10
1,3,0,-0.38274316435159567,0,0,330932,-0.49162277707340374,1,-0.5609748304808925,1,0,0,0,10
0,1,1,-0.08056211274098116,0,0,113059,0.29992211294914856,2,-0.5609748304808925,1,0,0,3,10
1,2,0,-0.9115600046701711,0,0,SO/C 14885,-0.43700743807979686,2,-0.5609748304808925,1,0,4,1,20
1,3,0,0.29716420177228703,3,0,3101278,-0.32928686163157667,2,1.299429290952638,0,0,0,2,10
0,3,1,-0.9871052675728248,1,3,W./C. 6608,0.04370821849987721,2,1.9195639980971482,0,0,4,3,29
0,3,1,-0.38274316435159567,0,0,SOTON/OQ 392086,-0.4863374216869257,2,-0.5609748304808925,1,0,0,1,24
1,1,0,-0.45828842725424934,3,2,19950,4.647001076532463,2,2.5396987052416584,0,0,0,3,10
0,3,1,-0.38274316435159567,0,0,343275,-0.4863374216869257,2,-0.5609748304808925,1,0,0,1,10
0,3,1,-0.0050168498383275206,0,0,343276,-0.4863374216869257,2,-0.5609748304808925,1,0,0,1,10
0,3,1,-0.6849242159622102,0,0,347466,-0.4902797934380587,2,-0.5609748304808925,1,0,4,0,10
0,1,1,1.2792526195067841,1,0,W.E.P. 5734,0.5833178351003071,2,0.059159876663617626,0,0,2,3,30
0,3,1,-0.23165263854628843,1,2,C.A. 2315,-0.23415046467497105,2,1.299429290952638,0,0,0,2,4
0,3,1,2.2613410372412814,0,0,364500,-0.5024451714361923,2,-0.5609748304808925,1,0,2,0,10
0,3,1,-0.38274316435159567,0,0,374910,-0.4863374216869257,2,-0.5609748304808925,1,0,0,1,10
0,1,1,3.167884192073125,0,0,PC 17754,0.0493298231623713,0,-0.5609748304808925,1,0,3,3,11
1,1,1,-0.45828842725424934,0,1,PC 17759,0.6272778976347743,0,0.059159876663617626,0,0,0,3,11
1,2,0,0.37270946467494065,0,1,231919,-0.18532384824750675,2,0.059159876663617626,0,0,0,2,10
0,2,1,0.37270946467494065,1,0,244367,-0.12491978668775715,2,0.059159876663617626,0,0,0,2,10
0,3,0,-0.08056211274098116,0,0,349245,-0.4894421904510968,2,-0.5609748304808925,1,0,0,0,10
0,3,1,-0.38274316435159567,0,0,349215,-0.4894421904510968,2,-0.5609748304808925,1,0,0,0,10
0,1,1,-0.6093789530595566,0,1,35281,0.907737982394129,2,0.059159876663617626,0,0,0,3,10
0,3,1,0.29716420177228703,0,0,7540,-0.4741720436887921,2,-0.5609748304808925,1,0,0,1,10
0,3,1,0.5993452533829016,2,0,3101276,-0.4888542575852486,2,0.6792945838081278,0,0,0,1,10
0,3,1,-0.08056211274098116,0,0,349207,-0.4894421904510968,2,-0.5609748304808925,1,0,0,0,10
1,3,0,-0.6093789530595566,0,0,343120,-0.494391296561559,2,-0.5609748304808925,1,0,0,0,10
1,3,1,-0.38274316435159567,0,0,312991,-0.4918744606632361,2,-0.5609748304808925,1,0,0,0,10
0,3,1,0.6748905162855552,0,0,349249,-0.4894421904510968,2,-0.5609748304808925,1,0,0,0,10
1,3,0,-0.38274316435159567,1,0,371110,-0.1621689579829361,1,0.059159876663617626,0,0,0,2,10
0,1,1,1.3547978824094378,0,0,110465,0.39858208016340624,2,-0.5609748304808925,1,0,2,3,10
0,3,0,-1.1004231619268052,1,0,2665,-0.3573908580066095,0,0.059159876663617626,0,0,4,1,10
0,3,1,-0.533833690156903,0,0,324669,-0.4863374216869257,2,-0.5609748304808925,1,0,0,1,10
0,3,0,-0.6849242159622102,1,0,4136,-0.4505983519307405,2,0.059159876663617626,0,0,4,1,10
0,3,0,-0.9115600046701711,0,0,2627,-0.3573083057891445,0,-0.5609748304808925,1,0,4,2,10
0,3,1,-0.6093789530595566,0,0,STON/O 2. 3101294,-0.4888542575852486,2,-0.5609748304808925,1,0,0,1,26
0,3,1,3.130111560621798,0,0,370369,-0.49237782784290063,1,-0.5609748304808925,1,0,3,0,10
0,2,1,-0.0050168498383275206,1,0,11668,-0.22559322262067316,2,0.059159876663617626,0,0,0,2,10
0,1,1,-0.38274316435159567,0,1,PC 17558,4.335332226633905,0,0.059159876663617626,0,0,0,3,11
0,3,0,-2.0447389482099756,4,2,347082,-0.01870931177853076,2,3.1598334123861687,0,0,1,3,10
0,2,1,-0.6093789530595566,2,0,S.O.C. 14879,0.8314778546749452,2,0.6792945838081278,0,0,0,3,20
0,3,1,-0.38274316435159567,0,0,A4. 54510,-0.4863374216869257,2,-0.5609748304808925,1,0,0,1,0
0,2,1,0.2593915703209602,1,0,237736,-0.04295550208861426,0,0.059159876663617626,0,0,0,2,10
1,2,0,0.2593915703209602,0,0,27267,-0.3866707201133388,2,-0.5609748304808925,1,0,0,1,10
0,1,1,1.8836147227280133,0,1,35281,0.907737982394129,2,0.059159876663617626,0,0,2,3,10
1,3,1,-1.2892863191834392,1,0,2651,-0.42207354059350805,0,0.059159876663617626,0,0,1,1,10
0,3,1,-0.38274316435159567,0,0,370372,-0.49237782784290063,1,-0.5609748304808925,1,0,0,0,10
1,3,1,-0.38274316435159567,0,0,C 17369,-0.5046257580584992,2,-0.5609748304808925,1,0,0,0,3
1,3,0,-0.38274316435159567,1,1,2668,-0.19824427701513722,0,0.6792945838081278,0,0,0,2,10
0,3,1,1.2037073566041305,0,0,347061,-0.5079822104125026,2,-0.5609748304808925,1,0,2,0,10
0,3,1,0.29716420177228703,0,0,349241,-0.4894421904510968,0,-0.5609748304808925,1,0,0,0,10
0,3,1,-0.6849242159622102,0,0,SOTON/O.Q. 3101307,-0.5064721088735089,2,-0.5609748304808925,1,0,4,0,24
0,3,0,1.3547978824094378,1,0,A/5. 3337,-0.35646868933346404,2,0.059159876663617626,0,0,2,2,1
1,2,0,-0.0050168498383275206,1,0,228414,-0.12491978668775715,2,0.059159876663617626,0,0,0,2,10
0,2,1,-0.30719790144894205,0,0,C.A. 29178,-0.3866707201133388,2,-0.5609748304808925,1,0,0,1,4
0,2,1,-0.45828842725424934,0,0,SC/PARIS 2133,-0.3454791770670269,0,-0.5609748304808925,1,0,0,2,18
1,1,0,-0.7604694788648638,0,2,11752,-0.11921562980779811,2,0.6792945838081278,0,0,4,2,10
0,1,1,0.5993452533829016,1,0,113803,0.4207302360686478,2,0.059159876663617626,0,0,0,3,10
0,3,1,-0.9871052675728248,0,0,7534,-0.4628462821463391,2,-0.5609748304808925,1,0,4,1,10
0,1,1,-0.38274316435159567,0,0,PC 17593,0.9462455716384695,0,-0.5609748304808925,1,0,0,3,11
0,3,0,-0.38274316435159567,0,2,2678,-0.3414522396297103,0,0.6792945838081278,0,0,0,2,10
1,3,0,-0.533833690156903,0,0,347081,-0.49237782784290063,2,-0.5609748304808925,1,0,0,0,10
1,3,0,-0.38274316435159567,1,0,STON/O2. 3101279,-0.32928686163157667,2,0.059159876663617626,0,0,0,2,27
0,3,1,-0.7604694788648638,0,0,365222,-0.5125125150294839,1,-0.5609748304808925,1,0,4,0,10
0,2,1,-0.8360147417675174,0,0,231945,-0.41687275089321363,2,-0.5609748304808925,1,0,4,1,10
0,2,1,-0.7604694788648638,1,1,C.A. 33112,0.09152810056801232,2,0.6792945838081278,0,0,4,3,4
1,3,1,-0.15610737564363478,0,0,350043,-0.49145565916975514,2,-0.5609748304808925,1,0,0,0,10
0,3,0,-1.5159221078914003,2,2,W./C. 6608,0.04370821849987721,2,1.9195639980971482,0,0,1,3,29
0,2,1,0.5615726219315748,0,2,230080,-0.12491978668775715,2,0.6792945838081278,0,0,0,2,10
0,2,1,0.9770715678961697,0,0,244310,-0.3866707201133388,2,-0.5609748304808925,1,0,2,1,10
0,2,1,1.6569789340200525,0,0,S.O.P. 1166,-0.39623469652696586,2,-0.5609748304808925,1,0,2,1,21
1,1,0,-0.533833690156903,1,0,113776,0.6925485130875209,2,0.059159876663617626,0,0,0,3,10
0,3,1,1.9969326170819937,0,0,A.5. 11206,-0.4863374216869257,2,-0.5609748304808925,1,0,2,1,1
0,3,1,0.8637536735421892,0,2,A/5. 851,-0.35646868933346404,2,0.6792945838081278,0,0,2,2,1
0,3,1,-0.38274316435159567,0,0,Fa 265302,-0.5011867534870308,2,-0.5609748304808925,1,0,0,0,8
0,1,1,1.6569789340200525,0,1,PC 17597,0.5874293382238074,0,0.059159876663617626,0,0,2,3,11
1,3,0,-0.9871052675728248,0,0,35851,-0.49271407711891657,1,-0.5609748304808925,1,0,4,0,10
0,3,1,0.07052841306432611,0,0,SOTON/OQ 392090,-0.4863374216869257,2,-0.5609748304808925,1,0,0,1,24
0,3,1,-0.38274316435159567,0,0,315037,-0.47400492578514347,2,-0.5609748304808925,1,0,0,1,10
0,3,1,-0.38274316435159567,8,2,CA. 2343,0.7519458402879414,2,5.64037224096421,0,0,0,3,4
0,3,1,1.128162093701477,0,1,371362,-0.32425318983493084,2,0.059159876663617626,0,0,2,2,10
1,2,0,0.8259810420908624,0,0,C.A. 33595,-0.331300330350235,2,-0.5609748304808925,1,0,0,2,4
0,3,1,-0.23165263854628843,0,0,347068,-0.4918744606632361,2,-0.5609748304808925,1,0,0,0,10
0,3,1,-0.9115600046701711,0,0,315093,-0.47400492578514347,2,-0.5609748304808925,1,0,4,1,10
0,3,1,-2.1202842111126294,4,1,3101295,0.1506737441786005,2,2.5396987052416584,0,0,1,3,10
1,3,1,-1.5159221078914003,0,2,363291,-0.2351571990343002,2,0.6792945838081278,0,0,1,2,10
1,1,0,0.5993452533829016,0,1,113505,0.4589861417231558,2,0.059159876663617626,0,0,0,3,10
0,3,0,1.2037073566041305,1,4,347088,-0.08666388103324908,2,2.5396987052416584,0,0,2,2,10
0,1,1,0.5993452533829016,0,0,PC 17318,-0.12642988822675086,2,-0.5609748304808925,1,0,0,2,11
0,3,1,-0.08056211274098116,0,0,1601,0.48910360681684706,2,-0.5609748304808925,1,0,0,3,10
0,1,1,2.4124315630465887,0,0,111240,0.026090367211616904,2,-0.5609748304808925,1,0,3,3,10
0,3,1,-1.8936484224046684,4,1,382652,-0.06199888922968463,1,2.5396987052416584,0,0,1,2,10
1,3,0,-2.1202842111126294,1,1,347742,-0.4242561406845337,2,0.6792945838081278,0,0,1,1,10
0,3,1,-0.6093789530595566,0,0,STON/O 2. 3101280,-0.4888542575852486,2,-0.5609748304808925,1,0,0,1,26
0,1,1,2.0347052485333204,0,0,17764,-0.030371322596999754,0,-0.5609748304808925,1,0,2,2,10
0,3,1,-0.8360147417675174,1,1,350404,-0.4902797934380587,2,0.6792945838081278,0,0,4,0,10
0,3,1,-0.38274316435159567,3,1,4133,-0.13565761536436197,2,1.9195639980971482,0,0,0,2,10
0,1,0,1.5814336711173989,0,0,PC 17595,-0.07030444769415023,0,-0.5609748304808925,1,0,2,2,11
0,2,1,0.07052841306432611,0,0,250653,-0.3866707201133388,2,-0.5609748304808925,1,0,0,1,10
0,3,1,0.523799990480248,0,0,LINE,-0.6484216535389205,2,-0.5609748304808925,1,0,0,0,9
0,3,0,-0.38274316435159567,8,2,CA. 2343,0.7519458402879414,2,5.64037224096421,0,0,0,3,4
0,2,1,-0.0050168498383275206,0,0,SC/PARIS 2131,-0.34539461138084326,0,-0.5609748304808925,1,0,0,2,18
0,3,1,-1.5159221078914003,4,2,347077,-0.016444159470040135,2,3.1598334123861687,0,0,1,3,10
1,2,1,-2.1202842111126294,2,1,230136,0.13683114673782454,2,1.299429290952638,0,0,1,3,10
1,3,0,-1.8936484224046684,0,2,315153,-0.20495516825442542,2,0.6792945838081278,0,0,1,2,10
0,1,1,0.5993452533829016,0,0,113767,0.3583127057902398,2,-0.5609748304808925,1,0,0,3,10
1,3,0,-0.38274316435159567,1,0,370365,-0.3363340021468808,1,0.059159876663617626,0,0,0,2,10
1,1,1,1.2037073566041305,0,0,111428,-0.11384570873513637,2,-0.5609748304808925,1,0,2,2,10
0,3,1,0.8259810420908624,1,1,364849,-0.3363340021468808,1,0.6792945838081278,0,0,0,2,10
0,3,1,0.523799990480248,0,0,349247,-0.4894421904510968,2,-0.5609748304808925,1,0,0,0,10
1,2,0,0.22161893886963338,0,0,234604,-0.3866707201133388,2,-0.5609748304808925,1,0,0,1,10
0,2,1,-0.7604694788648638,0,0,28424,-0.3866707201133388,2,-0.5609748304808925,1,0,4,1,10
1,3,0,-0.7604694788648638,1,0,350046,-0.4902797934380587,2,0.059159876663617626,0,0,4,0,10
1,2,1,-1.969193685307322,1,1,230080,-0.12491978668775715,2,0.6792945838081278,0,0,1,2,10
1,1,0,1.128162093701477,0,0,PC 17610,-0.09027201697708476,0,-0.5609748304808925,1,0,2,2,11
1,1,0,2.185795774338628,0,0,PC 17569,2.301728820789,0,-0.5609748304808925,1,0,2,3,11
0,3,1,-0.38274316435159567,0,0,368703,-0.49237782784290063,1,-0.5609748304808925,1,0,0,0,10
0,3,1,0.9770715678961697,0,1,4579,-0.47920571548543794,2,0.059159876663617626,0,0,2,1,10
1,3,0,-0.38274316435159567,0,0,370370,-0.49237782784290063,1,-0.5609748304808925,1,0,0,0,10
0,2,0,-0.38274316435159567,0,0,248747,-0.3866707201133388,2,-0.5609748304808925,1,0,0,1,10
0,3,1,-0.08056211274098116,0,0,345770,-0.45714212526638004,2,-0.5609748304808925,1,0,0,1,10
0,3,1,-0.38274316435159567,8,2,CA. 2343,0.7519458402879414,2,5.64037224096421,0,0,0,3,4
0,3,1,0.37270946467494065,0,0,3101264,-0.5176307525123133,2,-0.5609748304808925,1,0,0,0,10
0,3,1,1.2414799880554575,0,0,2628,-0.5029485386158568,0,-0.5609748304808925,1,0,2,0,10
1,3,1,-0.8360147417675174,0,0,A/5 3540,-0.4863374216869257,2,-0.5609748304808925,1,0,4,1,1
0,3,0,-2.0447389482099756,0,1,347054,-0.43776248884929375,2,0.059159876663617626,0,0,1,1,10
0,3,1,0.22161893886963338,1,0,3101278,-0.32928686163157667,2,0.059159876663617626,0,0,0,2,10
1,3,1,-0.23165263854628843,0,0,2699,-0.2701412180209885,0,-0.5609748304808925,1,0,0,2,10
1,3,0,-0.9871052675728248,0,0,367231,-0.49237782784290063,1,-0.5609748304808925,1,0,4,0,10
1,1,1,0.8259810420908624,0,0,112277,-0.024246350754841113,0,-0.5609748304808925,1,0,0,2,10
0,3,1,-0.38274316435159567,0,0,SOTON/O.Q. 3101311,-0.5064721088735089,2,-0.5609748304808925,1,0,0,0,24
1,2,0,0.44825472757759427,0,0,F.C.C. 13528,-0.22559322262067316,2,-0.5609748304808925,1,0,0,2,7
0,3,1,-0.533833690156903,0,0,A/5 21174,-0.5024451714361923,2,-0.5609748304808925,1,0,0,0,1
0,2,1,0.07052841306432611,0,0,250646,-0.3866707201133388,2,-0.5609748304808925,1,0,0,1,10
0,3,1,-0.38274316435159567,1,0,367229,-0.49237782784290063,1,0.059159876663617626,0,0,0,0,10
1,1,0,0.14607367596697973,1,0,35273,1.6323350375212924,0,0.059159876663617626,0,0,0,3,10
1,3,0,-0.15610737564363478,0,0,STON/O2. 3101283,-0.4888542575852486,2,-0.5609748304808925,1,0,0,1,27
0,2,1,0.9770715678961697,1,0,243847,-0.10478509950117394,2,0.059159876663617626,0,0,2,2,10
1,1,0,0.22161893886963338,0,0,11813,0.8876878608937296,0,-0.5609748304808925,1,0,0,3,10
0,2,1,0.07052841306432611,0,0,W/C 14208,-0.43700743807979686,2,-0.5609748304808925,1,0,0,1,29
1,3,1,-0.9871052675728248,0,0,SOTON/OQ 392089,-0.4863374216869257,2,-0.5609748304808925,1,0,4,1,24
0,2,1,-0.15610737564363478,0,0,220367,-0.3866707201133388,2,-0.5609748304808925,1,0,0,1,10
0,3,1,1.6569789340200525,0,0,21440,-0.4863374216869257,2,-0.5609748304808925,1,0,2,1,10
0,3,1,-0.38274316435159567,0,0,349234,-0.4894421904510968,2,-0.5609748304808925,1,0,0,0,10
1,1,1,0.6748905162855552,1,0,19943,1.163700193253568,2,0.059159876663617626,0,0,0,3,10
0,3,1,-0.533833690156903,0,0,PP 4348,-0.4601623283443675,2,-0.5609748304808925,1,0,0,1,12
1,2,1,-0.7604694788648638,0,0,SW/PP 751,-0.43700743807979686,2,-0.5609748304808925,1,0,4,1,28
0,3,1,-0.6471515845108834,0,0,A/5 21173,-0.5024451714361923,2,-0.5609748304808925,1,0,0,0,1
0,2,1,-0.8360147417675174,0,0,236171,-0.3866707201133388,2,-0.5609748304808925,1,0,4,1,10
0,3,0,-0.38274316435159567,3,1,4133,-0.13565761536436197,2,1.9195639980971482,0,0,0,2,10
1,1,0,0.44825472757759427,1,0,36973,1.0323213593611125,2,0.059159876663617626,0,0,0,3,10
0,3,1,-0.0050168498383275206,0,0,347067,-0.4918744606632361,2,-0.5609748304808925,1,0,0,0,10
0,2,1,2.2613410372412814,0,0,237442,-0.3766033765200472,2,-0.5609748304808925,1,0,2,1,10
1,3,0,-1.8181031595020147,4,2,347077,-0.016444159470040135,2,3.1598334123861687,0,0,1,3,10
0,2,1,-0.38274316435159567,0,0,C.A. 29566,-0.43700743807979686,2,-0.5609748304808925,1,0,0,1,4
0,3,0,-0.38274316435159567,0,0,W./C. 6609,-0.49640476528021726,2,-0.5609748304808925,1,0,0,0,29
0,2,1,1.128162093701477,1,0,26707,-0.12491978668775715,2,0.059159876663617626,0,0,2,2,10
1,2,0,-1.5914673707940539,0,2,C.A. 31921,-0.11988611489111134,2,0.6792945838081278,0,0,1,2,4
0,2,1,-0.7604694788648638,0,0,28665,-0.43700743807979686,2,-0.5609748304808925,1,0,4,1,10
0,2,1,0.29716420177228703,0,0,SCO/W 1585,-0.4012683683236117,2,-0.5609748304808925,1,0,0,1,17
0,3,0,-0.38274316435159567,1,0,2665,-0.3573908580066095,0,0.059159876663617626,0,0,0,1,10
1,3,0,-0.38274316435159567,1,0,367230,-0.3363340021468808,1,0.059159876663617626,0,0,0,2,10
0,2,1,-0.0050168498383275206,0,0,W./C. 14263,-0.43700743807979686,2,-0.5609748304808925,1,0,0,1,29
0,3,1,-0.533833690156903,0,0,STON/O 2. 3101275,-0.5049620073345151,2,-0.5609748304808925,1,0,0,0,26
0,3,1,0.07052841306432611,0,0,2694,-0.5029485386158568,0,-0.5609748304808925,1,0,0,0,10
0,1,1,1.128162093701477,2,0,19928,1.163700193253568,1,0.6792945838081278,0,0,2,3,10
0,3,0,-0.30719790144894205,0,0,347071,-0.4918744606632361,2,-0.5609748304808925,1,0,0,0,10
1,2,0,-0.38274316435159567,0,2,250649,-0.35646868933346404,2,0.6792945838081278,0,0,0,2,10
1,1,1,0.5993452533829016,1,1,11751,0.40974072380221066,2,0.6792945838081278,0,0,0,3,10
0,2,1,1.8836147227280133,1,0,244252,-0.12491978668775715,2,0.059159876663617626,0,0,2,2,10
0,3,1,-0.38274316435159567,0,0,362316,-0.5024451714361923,2,-0.5609748304808925,1,0,0,0,10
0,3,0,-0.0050168498383275206,1,1,347054,-0.43776248884929375,2,0.6792945838081278,0,0,0,1,10
0,1,1,2.487976825949242,0,0,113514,-0.11384570873513637,2,-0.5609748304808925,1,0,3,2,10
0,3,1,0.07052841306432611,1,0,A/5. 3336,-0.32425318983493084,2,0.059159876663617626,0,0,0,2,1
0,3,0,0.901526304993516,0,2,370129,-0.2414492887801075,2,0.6792945838081278,0,0,2,2,10
1,3,0,-0.0050168498383275206,0,2,2650,-0.3414522396297103,0,0.6792945838081278,0,0,0,2,10
1,1,0,0.5993452533829016,0,0,PC 17585,0.9462455716384695,0,-0.5609748304808925,1,0,0,3,11
1,1,0,0.07052841306432611,0,0,110152,1.093228788100527,2,-0.5609748304808925,1,0,0,3,10
1,1,0,0.44825472757759427,0,0,PC 17755,9.667166525013505,0,-0.5609748304808925,1,0,0,3,11
1,2,0,1.5814336711173989,0,1,230433,-0.12491978668775715,2,0.059159876663617626,0,0,2,2,10
0,3,1,-0.38274316435159567,0,0,384461,-0.49237782784290063,1,-0.5609748304808925,1,0,0,0,10
1,3,1,-1.969193685307322,4,2,347077,-0.016444159470040135,2,3.1598334123861687,0,0,1,3,10
0,1,1,1.732524196922706,1,1,110413,0.955306180872432,2,0.6792945838081278,0,0,2,3,10
0,1,1,0.8259810420908624,0,0,112059,-0.6484216535389205,2,-0.5609748304808925,1,0,0,0,10
0,3,0,-0.38274316435159567,0,0,382649,-0.49237782784290063,1,-0.5609748304808925,1,0,0,0,10
0,2,1,0.523799990480248,0,0,C.A. 17248,-0.43700743807979686,2,-0.5609748304808925,1,0,0,1,4
0,3,1,-0.9871052675728248,4,1,3101295,0.1506737441786005,2,2.5396987052416584,0,0,4,3,10
1,3,1,-0.30719790144894205,1,0,347083,-0.4918744606632361,2,0.059159876663617626,0,0,0,0,10
1,1,0,2.185795774338628,0,1,PC 17582,2.441497778832105,2,0.059159876663617626,0,0,2,3,11
1,1,0,0.44825472757759427,0,0,PC 17760,2.0825124140450755,2,-0.5609748304808925,1,0,0,3,11
0,1,1,0.5993452533829016,0,0,113798,-0.024246350754841113,2,-0.5609748304808925,1,0,0,2,10
1,3,1,-0.30719790144894205,0,0,LINE,-0.6484216535389205,2,-0.5609748304808925,1,0,0,0,9
1,2,0,0.901526304993516,0,1,250644,-0.255795253400548,2,0.059159876663617626,0,0,2,2,10
0,1,1,0.5993452533829016,0,1,PC 17596,-0.05042144409739929,0,0.059159876663617626,0,0,0,2,11
1,3,0,-0.38274316435159567,0,0,370375,-0.49237782784290063,1,-0.5609748304808925,1,0,0,0,10
1,1,0,2.563522088851896,1,0,13502,0.921244330558889,2,0.059159876663617626,0,0,3,3,10
0,3,0,1.2037073566041305,0,0,347073,-0.49237782784290063,2,-0.5609748304808925,1,0,2,0,10
0,2,1,-0.0050168498383275206,0,0,239853,-0.6484216535389205,2,-0.5609748304808925,1,0,0,0,10
0,3,1,-1.6670126336967075,4,1,382652,-0.06199888922968463,1,2.5396987052416584,0,0,1,2,10
1,3,0,0.44825472757759427,1,1,C.A. 2673,-0.24069423801061057,2,0.6792945838081278,0,0,0,2,4
0,3,1,2.714612614657203,0,0,336439,-0.49237782784290063,1,-0.5609748304808925,1,0,3,0,10
0,3,1,-0.08056211274098116,0,0,347464,-0.4902797934380587,2,-0.5609748304808925,1,0,0,0,10
0,3,1,-0.9871052675728248,0,0,345778,-0.45714212526638004,2,-0.5609748304808925,1,0,4,1,10
1,3,1,-0.7604694788648638,0,0,A/5. 10482,-0.4863374216869257,2,-0.5609748304808925,1,0,4,1,1
0,1,1,0.5993452533829016,0,0,113056,-0.12491978668775715,2,-0.5609748304808925,1,0,0,2,10
0,3,1,0.29716420177228703,0,0,349239,-0.47400492578514347,0,-0.5609748304808925,1,0,0,1,10
1,3,1,0.07052841306432611,0,0,345774,-0.45714212526638004,2,-0.5609748304808925,1,0,0,1,10
0,3,1,-0.533833690156903,0,0,349206,-0.4894421904510968,2,-0.5609748304808925,1,0,0,0,10
1,2,1,0.9770715678961697,0,0,237798,-0.3866707201133388,2,-0.5609748304808925,1,0,2,1,10
1,3,0,-0.533833690156903,0,0,370373,-0.49237782784290063,1,-0.5609748304808925,1,0,0,0,10
1,1,0,-0.23165263854628843,0,0,19877,0.9391984311231651,2,-0.5609748304808925,1,0,0,3,10
1,1,0,-0.7604694788648638,1,0,11967,1.1854295476653287,0,0.059159876663617626,0,0,4,3,10
0,2,1,0.523799990480248,0,0,SC/Paris 2163,-0.3891875560116617,0,-0.5609748304808925,1,0,0,1,19
0,3,0,-0.38274316435159567,0,0,349236,-0.4702296719376591,2,-0.5609748304808925,1,0,0,1,10
0,3,1,-0.38274316435159567,0,0,349233,-0.4894421904510968,2,-0.5609748304808925,1,0,0,0,10
0,1,1,0.5993452533829016,0,0,PC 17612,-0.09027201697708476,0,-0.5609748304808925,1,0,0,2,11
0,3,1,-0.4205157958029225,0,0,2693,-0.5028639729296732,0,-0.5609748304808925,1,0,0,0,10
0,1,0,-2.0447389482099756,1,2,113781,2.4029901895877646,2,1.299429290952638,0,0,1,3,10
1,1,1,0.5993452533829016,0,0,19988,-0.034313694348132716,2,-0.5609748304808925,1,0,0,2,10
1,1,0,1.5814336711173989,0,1,PC 17558,4.335332226633905,0,0.059159876663617626,0,0,2,3,11
1,3,0,-0.38274316435159567,0,0,9234,-0.49237782784290063,1,-0.5609748304808925,1,0,0,0,10
1,3,1,-0.38274316435159567,2,0,367226,-0.18029017645086096,1,0.6792945838081278,0,0,0,2,10
0,3,1,-0.7604694788648638,0,0,LINE,-0.6484216535389205,2,-0.5609748304808925,1,0,4,0,9
1,2,0,-0.0050168498383275206,0,0,226593,-0.3997582667846179,1,-0.5609748304808925,1,0,0,1,10
0,3,1,-0.38274316435159567,0,0,A/5 2466,-0.4863374216869257,2,-0.5609748304808925,1,0,0,1,1
1,1,1,-2.1263278321448413,1,2,113781,2.4029901895877646,2,1.299429290952638,0,0,1,3,10
1,1,0,0.5993452533829016,0,0,17421,1.5841789061771412,0,-0.5609748304808925,1,0,0,3,10
1,1,0,-0.9115600046701711,1,0,PC 17758,1.5442457810799908,0,0.059159876663617626,0,0,4,3,11
0,2,1,0.07052841306432611,1,0,P/PP 3381,-0.16518916106092355,0,0.059159876663617626,0,0,0,2,13
1,1,0,0.07052841306432611,0,0,PC 17485,0.49782998024351216,0,-0.5609748304808925,1,0,0,3,11
1,1,0,-0.38274316435159567,0,0,11767,1.0259447039291216,0,-0.5609748304808925,1,0,0,3,10
1,1,0,-0.8360147417675174,2,2,PC 17608,4.634416897040849,0,1.9195639980971482,0,0,4,3,11
0,2,0,-0.23165263854628843,1,1,250651,-0.12491978668775715,2,0.6792945838081278,0,0,0,2,10
0,3,1,-0.08056211274098116,0,0,349243,-0.4894421904510968,2,-0.5609748304808925,1,0,0,0,10
0,2,1,1.0526168307988233,1,1,F.C.C. 13529,-0.11988611489111134,2,0.6792945838081278,0,0,2,2,7
1,3,0,-0.23165263854628843,0,0,347470,-0.4902797934380587,2,-0.5609748304808925,1,0,0,0,10
1,2,0,-0.38274316435159567,1,0,244367,-0.12491978668775715,2,0.059159876663617626,0,0,0,2,10
0,2,1,1.8836147227280133,0,0,29011,-0.36653603292675563,2,-0.5609748304808925,1,0,2,1,10
1,1,0,0.14607367596697973,0,2,36928,2.671117778445337,2,0.6792945838081278,0,0,0,3,10
1,1,0,0.8259810420908624,1,1,16966,2.059693773056521,0,0.6792945838081278,0,0,0,3,10
0,3,1,-0.533833690156903,0,0,A/5 21172,-0.5024451714361923,2,-0.5609748304808925,1,0,0,0,1
0,3,1,-0.15610737564363478,0,0,349219,-0.4894421904510968,2,-0.5609748304808925,1,0,0,0,10
1,2,0,0.07052841306432611,0,0,234818,-0.3997582667846179,1,-0.5609748304808925,1,0,0,1,10
1,2,0,-0.533833690156903,1,1,248738,-0.06451572512800753,2,0.6792945838081278,0,0,0,2,10
0,3,1,-0.38274316435159567,8,2,CA. 2343,0.7519458402879414,2,5.64037224096421,0,0,0,3,4
1,1,0,0.523799990480248,0,0,PC 17760,2.0825124140450755,0,-0.5609748304808925,1,0,0,3,11
0,3,1,2.4124315630465887,0,0,345364,-0.5228315422126077,2,-0.5609748304808925,1,0,3,0,10
1,2,0,0.523799990480248,0,0,28551,-0.3866707201133388,2,-0.5609748304808925,1,0,0,1,10
1,3,0,0.14607367596697973,1,1,363291,-0.2351571990343002,2,0.6792945838081278,0,0,0,2,10
1,1,0,-0.9871052675728248,0,1,111361,0.5189714017894245,0,0.059159876663617626,0,0,4,3,10
1,3,0,-0.38274316435159567,2,0,367226,-0.18029017645086096,1,0.6792945838081278,0,0,0,2,10
0,1,1,1.2414799880554575,0,0,113043,-0.07458306872129913,2,-0.5609748304808925,1,0,2,2,10
0,1,1,0.6748905162855552,0,1,PC 17582,2.441497778832105,2,0.059159876663617626,0,0,0,3,11
0,3,1,-0.9871052675728248,2,0,345764,-0.2859972841804228,2,0.6792945838081278,0,0,4,2,10
1,1,0,0.5993452533829016,1,0,PC 17611,2.042579288947925,2,0.059159876663617626,0,0,0,3,11
0,3,1,-0.38274316435159567,0,0,349225,-0.4894421904510968,2,-0.5609748304808925,1,0,0,0,10
0,1,1,-0.0050168498383275206,1,0,113776,0.6925485130875209,2,0.059159876663617626,0,0,0,3,10
1,1,0,0.901526304993516,0,0,16966,2.059693773056521,0,-0.5609748304808925,1,0,2,3,10
1,3,1,1.2037073566041305,0,0,7598,-0.4863374216869257,2,-0.5609748304808925,1,0,2,1,10
0,1,1,1.2037073566041305,0,0,113784,0.06635974158478332,2,-0.5609748304808925,1,0,2,3,10
1,2,1,-2.0447389482099756,1,1,230080,-0.12491978668775715,2,0.6792945838081278,0,0,1,2,10
1,1,0,-0.38274316435159567,3,2,19950,4.647001076532463,2,2.5396987052416584,0,0,0,3,10
0,2,1,-0.08056211274098116,0,0,248740,-0.3866707201133388,2,-0.5609748304808925,1,0,0,1,10
0,2,1,-0.30719790144894205,0,0,244361,-0.3866707201133388,2,-0.5609748304808925,1,0,0,1,10
0,2,1,0.523799990480248,0,0,229236,-0.3866707201133388,2,-0.5609748304808925,1,0,0,1,10
1,2,0,-0.38274316435159567,0,0,248733,-0.3866707201133388,2,-0.5609748304808925,1,0,0,1,10
1,2,0,0.8259810420908624,0,0,31418,-0.3866707201133388,2,-0.5609748304808925,1,0,0,1,10
1,3,0,-0.38274316435159567,1,0,386525,-0.32425318983493084,2,0.059159876663617626,0,0,0,2,10
1,3,1,-1.969193685307322,1,1,C.A. 37671,-0.32828012727224753,2,0.6792945838081278,0,0,1,2,4
0,3,1,0.9770715678961697,0,0,315088,-0.47400492578514347,2,-0.5609748304808925,1,0,2,1,10
0,3,1,-0.45828842725424934,0,0,7267,-0.4626791642426904,2,-0.5609748304808925,1,0,0,1,10
0,1,1,0.5993452533829016,0,0,113510,0.05629239799149171,2,-0.5609748304808925,1,0,0,3,10
0,3,1,-1.0626505304754783,1,1,2695,-0.5028639729296732,0,0.6792945838081278,0,0,4,0,10
0,3,1,-0.30719790144894205,1,0,349237,-0.29002422161773944,2,0.059159876663617626,0,0,0,2,10
0,3,1,-0.38274316435159567,0,0,2647,-0.5029485386158568,0,-0.5609748304808925,1,0,0,0,10
0,3,1,-0.08056211274098116,0,0,345783,-0.45714212526638004,2,-0.5609748304808925,1,0,0,1,10
1,1,0,-0.533833690156903,0,1,113505,0.4589861417231558,2,0.059159876663617626,0,0,0,3,10
0,2,0,0.6748905162855552,0,0,237671,-0.3866707201133388,2,-0.5609748304808925,1,0,0,1,10
1,3,0,-0.38274316435159567,0,0,330931,-0.48977642625839407,1,-0.5609748304808925,1,0,0,0,10
1,3,0,-0.38274316435159567,0,0,330980,-0.48977642625839407,1,-0.5609748304808925,1,0,0,0,10
0,3,1,0.8259810420908624,1,4,347088,-0.08666388103324908,2,2.5396987052416584,0,0,0,2,10
0,2,1,-0.0050168498383275206,1,0,SC/PARIS 2167,-0.09027201697708476,0,0.059159876663617626,0,0,0,2,18
0,3,0,1.2037073566041305,0,1,2691,-0.3573908580066095,0,0.059159876663617626,0,0,2,1,10
0,3,1,0.44825472757759427,0,0,SOTON/O.Q. 3101310,-0.5064721088735089,2,-0.5609748304808925,1,0,0,0,24
0,3,1,-0.38274316435159567,1,0,370365,-0.3363340021468808,1,0.059159876663617626,0,0,0,2,10
0,3,1,0.07052841306432611,0,0,C 7076,-0.5024451714361923,2,-0.5609748304808925,1,0,0,0,3
1,1,0,2.3368863001439353,1,0,110813,0.8667135572514657,0,0.059159876663617626,0,0,2,3,10
1,3,0,-0.38274316435159567,0,0,2626,-0.5028639729296732,0,-0.5609748304808925,1,0,0,0,10
1,3,0,-0.38274316435159567,0,0,14313,-0.49237782784290063,1,-0.5609748304808925,1,0,0,0,10
1,1,0,-0.38274316435159567,0,0,PC 17477,0.7469121684912956,0,-0.5609748304808925,1,0,0,3,11
1,1,1,-0.30719790144894205,1,0,11765,0.4678796330534696,0,0.059159876663617626,0,0,0,3,10
0,3,1,-0.8360147417675174,1,0,3101267,-0.5176307525123133,2,0.059159876663617626,0,0,4,0,10
0,3,1,-0.7604694788648638,0,0,323951,-0.4863374216869257,2,-0.5609748304808925,1,0,4,1,10
0,1,1,-0.533833690156903,0,0,PC 17760,2.0825124140450755,0,-0.5609748304808925,1,0,0,3,11
0,3,0,-1.969193685307322,3,1,349909,-0.22408312108167944,2,1.9195639980971482,0,0,1,2,10
1,1,0,0.5993452533829016,1,0,PC 17604,1.0060617003323709,0,0.059159876663617626,0,0,0,3,11
1,3,0,-0.533833690156903,0,0,C 7077,-0.5024451714361923,2,-0.5609748304808925,1,0,0,0,3
0,1,1,-0.15610737564363478,0,2,113503,3.610064686423428,0,0.6792945838081278,0,0,0,3,10
0,3,1,-0.6849242159622102,0,0,2648,-0.5676312212027554,0,-0.5609748304808925,1,0,4,0,10
0,3,1,-0.7604694788648638,0,0,347069,-0.4918744606632361,2,-0.5609748304808925,1,0,4,0,10
1,1,0,0.9770715678961697,0,0,PC 17757,3.9327230485884233,0,-0.5609748304808925,1,0,2,3,11
1,3,0,-2.1202842111126294,0,2,2653,-0.33146744825388363,0,0.6792945838081278,0,0,1,2,10
0,3,1,0.22161893886963338,0,0,STON/O 2. 3101293,-0.4888542575852486,2,-0.5609748304808925,1,0,0,1,26
1,1,0,0.44825472757759427,1,0,113789,0.39858208016340624,2,0.059159876663617626,0,0,0,3,10
0,3,1,-0.38274316435159567,0,0,349227,-0.4894421904510968,2,-0.5609748304808925,1,0,0,0,10
0,2,1,-0.8360147417675174,0,0,S.O.C. 14879,0.8314778546749452,2,-0.5609748304808925,1,0,4,3,20
0,3,1,-2.1202842111126294,5,2,CA 2144,0.2958951755118318,2,3.779968119530679,0,0,1,3,4
1,2,0,0.523799990480248,0,0,27849,-0.3866707201133388,2,-0.5609748304808925,1,0,0,1,10
0,3,1,-0.38274316435159567,0,0,367655,-0.49279662933638163,1,-0.5609748304808925,1,0,0,0,10
1,2,0,-0.9115600046701711,0,0,SC 1748,-0.40680540729992204,0,-0.5609748304808925,1,0,4,1,14
1,1,1,0.523799990480248,1,2,113760,1.7677408088510642,2,1.299429290952638,0,0,0,3,10
1,3,1,-0.6093789530595566,0,0,350034,-0.49145565916975514,2,-0.5609748304808925,1,0,0,0,10
0,3,1,-0.08056211274098116,2,0,3101277,-0.4888542575852486,2,0.6792945838081278,0,0,0,1,10
1,1,0,-0.45828842725424934,1,0,35273,1.6323350375212924,0,0.059159876663617626,0,0,0,3,10
1,3,0,-0.38274316435159567,0,2,PP 9549,-0.312172377522981,2,0.6792945838081278,0,0,0,2,12
0,3,1,-0.533833690156903,0,0,350052,-0.49145565916975514,2,-0.5609748304808925,1,0,0,0,10
0,3,0,0.14607367596697973,0,0,350407,-0.4902797934380587,2,-0.5609748304808925,1,0,0,0,10
0,2,1,1.2792526195067841,0,0,28403,-0.12491978668775715,2,-0.5609748304808925,1,0,2,2,10
0,2,1,-0.45828842725424934,0,0,244278,-0.43700743807979686,2,-0.5609748304808925,1,0,0,1,10
1,2,0,-0.08056211274098116,0,0,240929,-0.393717860628643,2,-0.5609748304808925,1,0,0,1,10
1,3,1,0.7504357791882088,0,0,STON/O 2. 3101289,-0.4888542575852486,2,-0.5609748304808925,1,0,0,1,26
0,3,1,-0.23165263854628843,0,0,341826,-0.4863374216869257,2,-0.5609748304808925,1,0,0,1,10
0,3,0,-0.6093789530595566,1,0,4137,-0.4505983519307405,2,0.059159876663617626,0,0,0,1,10
0,3,1,-0.08056211274098116,1,0,STON/O2. 3101279,-0.32928686163157667,2,0.059159876663617626,0,0,0,2,27
0,3,0,-0.6849242159622102,0,0,315096,-0.47400492578514347,2,-0.5609748304808925,1,0,4,1,10
0,2,1,0.37270946467494065,1,0,28664,-0.22559322262067316,2,0.059159876663617626,0,0,0,2,10
0,3,1,1.6569789340200525,0,0,347064,-0.49237782784290063,2,-0.5609748304808925,1,0,2,0,10
1,2,1,-1.969193685307322,1,1,29106,-0.2708962687904854,2,0.6792945838081278,0,0,1,2,10
0,3,1,-0.6093789530595566,0,0,312992,-0.4918744606632361,2,-0.5609748304808925,1,0,0,0,10
0,3,0,-0.38274316435159567,3,1,4133,-0.13565761536436197,2,1.9195639980971482,0,0,0,2,10
0,3,1,-0.38274316435159567,0,0,349222,-0.4894421904510968,2,-0.5609748304808925,1,0,0,0,10
0,3,1,-0.38274316435159567,0,0,394140,-0.5103319284071769,1,-0.5609748304808925,1,0,0,0,10
1,1,0,0.29716420177228703,1,0,19928,1.163700193253568,1,0.059159876663617626,0,0,0,3,10
0,2,1,-0.0050168498383275206,0,0,239853,-0.6484216535389205,2,-0.5609748304808925,1,0,0,0,10
1,3,1,1.128162093701477,0,0,STON/O 2. 3101269,-0.4888542575852486,2,-0.5609748304808925,1,0,2,1,26
0,3,0,-0.38274316435159567,0,0,343095,-0.4863374216869257,2,-0.5609748304808925,1,0,0,1,10
1,2,0,0.37270946467494065,1,1,28220,0.005955680025033696,2,0.6792945838081278,0,0,0,3,10
1,2,0,-0.8360147417675174,0,2,250652,-0.3866707201133388,2,0.6792945838081278,0,0,4,1,10
0,2,1,0.07052841306432611,0,0,28228,-0.3866707201133388,2,-0.5609748304808925,1,0,0,1,10
0,3,0,-1.4403768449887466,0,2,345773,-0.1621689579829361,2,0.6792945838081278,0,0,1,2,10
0,3,1,-0.38274316435159567,0,0,349254,-0.4894421904510968,0,-0.5609748304808925,1,0,0,0,10
0,3,1,-0.6093789530595566,0,0,A/5. 13032,-0.49271407711891657,1,-0.5609748304808925,1,0,0,0,1
0,3,1,-0.0050168498383275206,0,0,315082,-0.4898609919445778,2,-0.5609748304808925,1,0,0,0,10
0,3,0,-0.08056211274098116,1,1,347080,-0.35848215805212236,2,0.6792945838081278,0,0,0,1,10
0,3,1,-0.8360147417675174,1,1,370129,-0.2414492887801075,2,0.6792945838081278,0,0,4,2,10
0,3,1,-0.38274316435159567,0,0,A/4. 34244,-0.5024451714361923,2,-0.5609748304808925,1,0,0,0,0
1,2,0,-0.08056211274098116,1,0,2003,-0.12491978668775715,2,0.059159876663617626,0,0,0,2,10
1,2,0,-0.7604694788648638,0,0,250655,-0.12491978668775715,2,-0.5609748304808925,1,0,4,2,10
0,3,1,-0.38274316435159567,0,0,364851,-0.49237782784290063,1,-0.5609748304808925,1,0,0,0,10
1,3,1,0.22161893886963338,0,0,SOTON/O.Q. 392078,-0.4863374216869257,2,-0.5609748304808925,1,0,0,1,24
1,1,1,-0.08056211274098116,0,0,110564,-0.11384570873513637,2,-0.5609748304808925,1,0,0,2,10
1,3,0,-0.38274316435159567,1,0,376564,-0.32425318983493084,2,0.059159876663617626,0,0,0,2,10
1,2,0,0.9770715678961697,1,0,SC/AH 3085,-0.12491978668775715,2,0.059159876663617626,0,0,2,2,16
0,3,1,-0.9115600046701711,0,0,STON/O 2. 3101274,-0.5049620073345151,2,-0.5609748304808925,1,0,4,0,26
0,1,1,1.5814336711173989,1,0,13507,0.4771073601910807,2,0.059159876663617626,0,0,2,3,10
1,1,0,-1.138195793378132,1,2,113760,1.7677408088510642,2,1.299429290952638,0,0,4,3,10
0,3,0,-0.6093789530595566,2,2,W./C. 6608,0.04370821849987721,2,1.9195639980971482,0,0,0,3,29
1,2,0,-0.38274316435159567,2,3,29106,-0.2708962687904854,2,2.5396987052416584,0,0,0,2,10
0,1,1,2.6390673517545493,1,4,19950,4.647001076532463,2,2.5396987052416584,0,0,3,3,10
0,2,1,0.14607367596697973,0,0,C.A. 18723,-0.43700743807979686,2,-0.5609748304808925,1,0,0,1,4
1,2,0,1.2037073566041305,1,1,F.C.C. 13529,-0.11988611489111134,2,0.6792945838081278,0,0,2,2,7
0,3,1,-0.6849242159622102,0,0,345769,-0.45714212526638004,2,-0.5609748304808925,1,0,4,1,10
0,3,1,-0.30719790144894205,1,0,347076,-0.4918744606632361,2,0.059159876663617626,0,0,0,0,10
1,2,0,-0.08056211274098116,0,0,230434,-0.3866707201133388,2,-0.5609748304808925,1,0,0,1,10
1,3,1,-0.38274316435159567,0,0,65306,-0.48507900373776425,2,-0.5609748304808925,1,0,0,1,10
1,1,1,-1.8936484224046684,0,2,33638,0.9997696105865636,2,0.6792945838081278,0,0,1,3,10
1,2,0,-1.2137410562807855,0,1,250644,-0.255795253400548,2,0.059159876663617626,0,0,4,2,10
1,1,1,0.37270946467494065,0,0,113794,-0.11384570873513637,2,-0.5609748304808925,1,0,0,2,10
1,3,0,-1.8181031595020147,2,1,2666,-0.26066180729354516,0,1.299429290952638,0,0,1,2,10
1,1,1,1.732524196922706,0,0,113786,-0.034313694348132716,2,-0.5609748304808925,1,0,2,2,10
0,2,1,0.523799990480248,1,2,C.A. 34651,-0.08968408411123653,2,1.299429290952638,0,0,0,2,4
0,3,1,-0.38274316435159567,1,0,65303,-0.2463983948905696,2,0.059159876663617626,0,0,0,2,10
0,1,1,0.07052841306432611,0,0,113051,-0.08968408411123653,0,-0.5609748304808925,1,0,0,2,10
1,1,1,1.5058884082147452,1,0,17453,1.145663540471827,0,0.059159876663617626,0,0,2,3,10
0,3,1,-0.38274316435159567,0,0,A/5 2817,-0.4863374216869257,2,-0.5609748304808925,1,0,0,1,1
1,3,1,-0.0050168498383275206,0,0,349240,-0.4894421904510968,0,-0.5609748304808925,1,0,0,0,10
0,1,1,2.714612614657203,0,0,13509,-0.11384570873513637,2,-0.5609748304808925,1,0,3,2,10
1,1,0,0.5993452533829016,1,0,17464,0.395813560675251,2,0.059159876663617626,0,0,0,3,10
1,2,0,1.5814336711173989,0,0,F.C.C. 13531,-0.43700743807979686,2,-0.5609748304808925,1,0,2,1,7
0,3,1,-0.38274316435159567,0,0,371060,-0.49237782784290063,1,-0.5609748304808925,1,0,0,0,10
1,1,1,1.4303431453120916,0,0,19952,-0.11384570873513637,2,-0.5609748304808925,1,0,2,2,10
0,3,1,0.37270946467494065,0,0,364506,-0.4863374216869257,2,-0.5609748304808925,1,0,0,1,10
0,1,1,1.3547978824094378,0,0,111320,0.12676380314453292,2,-0.5609748304808925,1,0,2,3,10
0,2,1,1.4303431453120916,0,0,234360,-0.3866707201133388,2,-0.5609748304808925,1,0,2,1,10
0,3,1,-0.38274316435159567,0,0,A/S 2816,-0.4863374216869257,2,-0.5609748304808925,1,0,0,1,2
0,3,1,0.6748905162855552,0,0,SOTON/O.Q. 3101306,-0.5064721088735089,2,-0.5609748304808925,1,0,0,0,24
0,2,1,-0.0050168498383275206,0,0,239853,-0.6484216535389205,2,-0.5609748304808925,1,0,0,0,10
0,1,1,2.0347052485333204,0,0,113792,-0.11384570873513637,2,-0.5609748304808925,1,0,2,2,10
0,3,1,-0.38274316435159567,0,0,36209,-0.4928811950225652,1,-0.5609748304808925,1,0,0,0,10
1,3,0,-2.1391705268382926,2,1,2666,-0.26066180729354516,0,1.299429290952638,0,0,1,2,10
0,3,1,-0.38274316435159567,0,0,323592,-0.5024451714361923,2,-0.5609748304808925,1,0,0,0,10
0,3,1,0.6748905162855552,0,0,315089,-0.47400492578514347,2,-0.5609748304808925,1,0,0,1,10
1,2,0,0.29716420177228703,1,2,C.A. 34651,-0.08968408411123653,2,1.299429290952638,0,0,0,2,4
1,2,0,-0.45828842725424934,0,0,SC/AH Basle 541,-0.3707300882677209,0,-0.5609748304808925,1,0,0,1,16
0,3,0,-0.533833690156903,0,0,7553,-0.45034666834090825,2,-0.5609748304808925,1,0,0,1,10
0,1,1,0.5993452533829016,0,0,110465,0.39858208016340624,2,-0.5609748304808925,1,0,0,3,10
0,2,1,0.37270946467494065,1,0,31027,-0.22559322262067316,2,0.059159876663617626,0,0,0,2,10
0,3,1,-0.0050168498383275206,1,0,3460,-0.5065566745596926,2,0.059159876663617626,0,0,0,0,10
0,3,1,-0.533833690156903,0,0,350060,-0.4969926981460655,2,-0.5609748304808925,1,0,0,0,10
1,3,0,-2.0447389482099756,0,1,3101298,-0.4010166847337793,2,0.059159876663617626,0,0,1,1,10
0,3,1,-1.5159221078914003,5,2,CA 2144,0.2958951755118318,2,3.779968119530679,0,0,1,3,4
0,2,1,-0.0050168498383275206,0,0,239854,-0.6484216535389205,2,-0.5609748304808925,1,0,0,0,10
0,3,1,1.5814336711173989,0,0,A/5 3594,-0.4863374216869257,2,-0.5609748304808925,1,0,2,1,1
1,3,0,2.563522088851896,0,0,4134,-0.455380340137554,2,-0.5609748304808925,1,0,3,1,10
1,1,1,-0.30719790144894205,1,0,11967,1.1854295476653287,0,0.059159876663617626,0,0,0,3,10
0,3,0,-0.38274316435159567,3,1,4133,-0.13565761536436197,2,1.9195639980971482,0,0,0,2,10
1,1,0,0.44825472757759427,1,0,19943,1.163700193253568,2,0.059159876663617626,0,0,0,3,10
0,1,1,2.185795774338628,0,0,11771,-0.05042144409739929,0,-0.5609748304808925,1,0,2,2,10
0,3,1,0.07052841306432611,0,0,A.5. 18509,-0.4863374216869257,2,-0.5609748304808925,1,0,0,1,1
1,3,1,-1.5159221078914003,1,1,C.A. 37671,-0.32828012727224753,2,0.6792945838081278,0,0,1,2,4
0,3,1,-0.38274316435159567,1,0,65304,-0.2463983948905696,2,0.059159876663617626,0,0,0,2,10
0,3,1,-0.6093789530595566,0,0,SOTON/OQ 3101317,-0.5024451714361923,2,-0.5609748304808925,1,0,0,0,24
0,1,1,1.959159985630667,0,0,113787,-0.034313694348132716,2,-0.5609748304808925,1,0,2,2,10
0,1,1,3.167884192073125,0,0,PC 17609,0.3483299278831318,0,-0.5609748304808925,1,0,3,3,11
0,3,1,-0.6093789530595566,0,0,A/4 45380,-0.4863374216869257,2,-0.5609748304808925,1,0,0,1,0
0,3,1,-0.38274316435159567,0,0,2627,-0.3573083057891445,0,-0.5609748304808925,1,0,0,2,10
1,1,0,1.8836147227280133,1,0,36947,0.9274538680872313,0,0.059159876663617626,0,0,2,3,10
0,3,1,-0.38274316435159567,0,0,C.A. 6212,-0.3443878770215141,2,-0.5609748304808925,1,0,0,2,4
0,1,0,-0.30719790144894205,1,2,113781,2.4029901895877646,2,1.299429290952638,0,0,0,3,10
0,3,1,-0.38274316435159567,0,0,350035,-0.49145565916975514,2,-0.5609748304808925,1,0,0,0,10
0,3,1,-0.9115600046701711,0,0,315086,-0.47400492578514347,2,-0.5609748304808925,1,0,4,1,10
0,3,0,-0.6093789530595566,0,0,364846,-0.49237782784290063,1,-0.5609748304808925,1,0,0,0,10
0,3,0,-0.38274316435159567,0,0,330909,-0.4948100980550399,1,-0.5609748304808925,1,0,0,0,10
0,3,0,0.5993452533829016,0,0,4135,-0.455380340137554,2,-0.5609748304808925,1,0,0,1,10
1,1,0,-0.9871052675728248,0,0,110152,1.093228788100527,2,-0.5609748304808925,1,0,4,3,10
0,1,1,-0.8360147417675174,1,0,PC 17758,1.5442457810799908,0,0.059159876663617626,0,0,4,3,11
1,2,0,0.29716420177228703,0,2,26360,-0.12491978668775715,2,0.6792945838081278,0,0,0,2,10
1,1,1,0.5993452533829016,0,0,111427,-0.11384570873513637,2,-0.5609748304808925,1,0,0,2,10
0,3,1,-0.08056211274098116,0,0,C 4001,-0.1948878246611338,2,-0.5609748304808925,1,0,0,2,3
1,3,1,-0.23165263854628843,0,0,1601,0.48910360681684706,2,-0.5609748304808925,1,0,0,3,10
1,3,1,-0.0050168498383275206,0,0,382651,-0.49237782784290063,1,-0.5609748304808925,1,0,0,0,10
0,3,1,-0.38274316435159567,0,0,SOTON/OQ 3101316,-0.4863374216869257,2,-0.5609748304808925,1,0,0,1,24
1,1,1,0.523799990480248,0,0,PC 17473,-0.11913106412161445,2,-0.5609748304808925,1,0,0,2,11
1,1,0,1.8836147227280133,1,0,PC 17603,0.5475787653441219,0,0.059159876663617626,0,0,2,3,11
0,3,1,-0.38274316435159567,0,0,349209,-0.4974960653257301,2,-0.5609748304808925,1,0,0,0,10
0,1,1,1.3547978824094378,0,0,36967,0.036576512298389464,2,-0.5609748304808925,1,0,2,3,10
1,2,0,0.37270946467494065,0,0,C.A. 34260,-0.43700743807979686,2,-0.5609748304808925,1,0,0,1,4
0,3,1,-0.38274316435159567,0,0,371110,-0.1621689579829361,1,-0.5609748304808925,1,0,0,2,10
1,2,0,0.523799990480248,1,0,226875,-0.12491978668775715,2,0.059159876663617626,0,0,0,2,10
0,3,1,0.22161893886963338,0,0,349242,-0.4894421904510968,2,-0.5609748304808925,1,0,0,0,10
1,1,0,0.07052841306432611,0,0,12749,1.2341715984066093,2,-0.5609748304808925,1,0,0,3,10
0,3,1,-0.533833690156903,0,0,349252,-0.4894421904510968,2,-0.5609748304808925,1,0,0,0,10
0,3,1,-0.38274316435159567,0,0,2624,-0.5029485386158568,0,-0.5609748304808925,1,0,0,0,10
1,1,0,1.128162093701477,0,1,111361,0.5189714017894245,0,0.059159876663617626,0,0,2,3,10
0,3,1,-0.38274316435159567,0,0,2700,-0.5028639729296732,0,-0.5609748304808925,1,0,0,0,10
0,3,1,0.8637536735421892,0,0,367232,-0.49237782784290063,1,-0.5609748304808925,1,0,2,0,10
1,2,0,1.5814336711173989,0,0,W./C. 14258,-0.43700743807979686,2,-0.5609748304808925,1,0,2,1,29
0,1,1,0.5993452533829016,0,0,PC 17483,3.817033162951754,2,-0.5609748304808925,1,0,0,3,11
0,3,1,0.7504357791882088,0,0,3101296,-0.4888542575852486,2,-0.5609748304808925,1,0,0,1,10
0,2,1,-0.45828842725424934,2,1,29104,-0.41687275089321363,2,1.299429290952638,0,0,0,1,10
1,2,0,-2.0447389482099756,1,1,26360,-0.12491978668775715,2,0.6792945838081278,0,0,1,2,10
0,3,1,-0.38274316435159567,0,0,2641,-0.5028639729296732,0,-0.5609748304808925,1,0,0,0,10
0,3,1,-0.9115600046701711,1,1,2690,-0.5028639729296732,0,0.6792945838081278,0,0,4,0,10
1,3,0,-0.38274316435159567,0,2,2668,-0.19824427701513722,0,0.6792945838081278,0,0,0,2,10
0,3,0,0.07052841306432611,0,0,315084,-0.47400492578514347,2,-0.5609748304808925,1,0,0,1,10
1,2,0,-1.6670126336967075,0,2,F.C.C. 13529,-0.11988611489111134,2,0.6792945838081278,0,0,1,2,7
0,1,1,1.2037073566041305,0,0,113050,-0.11384570873513637,2,-0.5609748304808925,1,0,2,2,10
1,1,0,0.07052841306432611,0,0,PC 17761,1.4944124302931971,0,-0.5609748304808925,1,0,0,3,11
0,3,1,-0.38274316435159567,0,0,364498,-0.35646868933346404,2,-0.5609748304808925,1,0,0,2,10
1,1,0,-0.533833690156903,0,2,13568,0.3482453621969482,0,0.6792945838081278,0,0,0,3,10
1,1,0,0.523799990480248,0,2,WE/P 5735,0.7811411367084872,2,0.6792945838081278,0,0,0,3,30
0,3,0,-1.5159221078914003,4,2,347082,-0.01870931177853076,2,3.1598334123861687,0,0,1,3,10
0,3,0,-1.364831582086093,4,2,347082,-0.01870931177853076,2,3.1598334123861687,0,0,1,3,10
1,2,1,0.22161893886963338,1,0,2908,-0.12491978668775715,2,0.059159876663617626,0,0,0,2,10
0,1,1,1.5814336711173989,1,0,PC 17761,1.4944124302931971,0,0.059159876663617626,0,0,2,3,11
0,1,1,2.6390673517545493,0,0,693,-0.12491978668775715,2,-0.5609748304808925,1,0,3,2,10
1,2,0,-0.7604694788648638,1,0,2908,-0.12491978668775715,2,0.059159876663617626,0,0,4,2,10
1,2,1,-0.0050168498383275206,0,0,SC/PARIS 2146,-0.3693045524149108,0,-0.5609748304808925,1,0,0,1,18
0,3,1,0.29716420177228703,1,1,363291,-0.2351571990343002,2,0.6792945838081278,0,0,0,2,10
1,2,1,-1.5914673707940539,1,1,C.A. 33112,0.09152810056801232,2,0.6792945838081278,0,0,1,3,4
1,1,1,-0.9115600046701711,0,2,17421,1.5841789061771412,0,0.6792945838081278,0,0,4,3,10
0,2,1,-0.15610737564363478,0,0,244358,-0.12491978668775715,2,-0.5609748304808925,1,0,0,2,10
0,3,1,-0.38274316435159567,0,0,330979,-0.49078316061772326,1,-0.5609748304808925,1,0,0,0,10
1,3,1,-0.533833690156903,0,0,2620,-0.5029485386158568,0,-0.5609748304808925,1,0,0,0,10
1,3,0,-0.533833690156903,0,0,347085,-0.4918744606632361,2,-0.5609748304808925,1,0,0,0,10
0,1,1,2.487976825949242,0,0,113807,-0.11384570873513637,2,-0.5609748304808925,1,0,3,2,10
1,1,0,1.4303431453120916,1,0,11755,0.1489119590497745,0,0.059159876663617626,0,0,2,3,10
0,1,1,0.5993452533829016,0,0,PC 17757,3.9327230485884233,0,-0.5609748304808925,1,0,0,3,11
1,1,0,0.7504357791882088,1,1,110413,0.955306180872432,2,0.6792945838081278,0,0,0,3,10
1,3,0,0.523799990480248,1,0,345572,-0.29807809649237277,2,0.059159876663617626,0,0,0,2,10
0,3,1,-0.38274316435159567,0,0,372622,-0.49237782784290063,1,-0.5609748304808925,1,0,0,0,10
0,3,1,0.8259810420908624,0,0,349251,-0.4894421904510968,2,-0.5609748304808925,1,0,0,0,10
0,2,1,-0.08056211274098116,0,0,218629,-0.3766033765200472,2,-0.5609748304808925,1,0,0,1,10
0,3,1,-0.38274316435159567,0,0,SOTON/OQ 392082,-0.4863374216869257,2,-0.5609748304808925,1,0,0,1,24
0,3,0,-0.38274316435159567,0,0,SOTON/O.Q. 392087,-0.4863374216869257,2,-0.5609748304808925,1,0,0,1,24
0,3,1,-0.38274316435159567,2,0,A/4 48871,-0.1621689579829361,2,0.6792945838081278,0,0,0,2,0
0,3,1,-0.7604694788648638,0,0,349205,-0.4894421904510968,2,-0.5609748304808925,1,0,4,0,10
0,3,0,-0.0050168498383275206,0,4,349909,-0.22408312108167944,2,1.9195639980971482,0,0,0,2,10
0,3,1,-0.38274316435159567,0,0,2686,-0.5028639729296732,0,-0.5609748304808925,1,0,0,0,10
1,3,1,0.22161893886963338,0,0,350417,-0.4902797934380587,2,-0.5609748304808925,1,0,0,0,10
1,2,1,2.487976825949242,0,0,S.W./PP 752,-0.43700743807979686,2,-0.5609748304808925,1,0,3,1,28
1,1,0,1.8080694598253597,2,0,11769,0.38809593507663365,2,0.6792945838081278,0,0,2,3,10
1,1,1,0.523799990480248,0,0,PC 17474,-0.11711759540295616,2,-0.5609748304808925,1,0,0,2,11
1,3,0,-0.38274316435159567,0,0,14312,-0.49237782784290063,1,-0.5609748304808925,1,0,0,0,10
0,3,1,-0.9871052675728248,0,0,A/4. 20589,-0.4863374216869257,2,-0.5609748304808925,1,0,4,1,0
0,3,1,-0.7604694788648638,0,0,358585,-0.35646868933346404,2,-0.5609748304808925,1,0,4,2,10
1,2,0,0.37270946467494065,0,0,243880,-0.3866707201133388,2,-0.5609748304808925,1,0,0,1,10
1,1,0,0.7504357791882088,1,0,13507,0.4771073601910807,2,0.059159876663617626,0,0,0,3,10
0,3,0,-0.38274316435159567,1,0,2689,-0.3573083057891445,0,0.059159876663617626,0,0,0,2,10
1,3,1,0.22161893886963338,0,0,STON/O 2. 3101286,-0.4888542575852486,2,-0.5609748304808925,1,0,0,1,26
1,2,0,-0.30719790144894205,1,1,237789,-0.04438103794142432,2,0.6792945838081278,0,0,0,2,10
1,1,0,0.7504357791882088,1,1,17421,1.5841789061771412,0,0.6792945838081278,0,0,0,3,10
0,2,1,1.8836147227280133,0,0,28403,-0.12491978668775715,2,-0.5609748304808925,1,0,2,2,10
0,1,1,0.523799990480248,0,0,13049,0.15948266982273065,0,-0.5609748304808925,1,0,0,3,10
0,3,1,-0.38274316435159567,0,0,3411,-0.47299819142581434,0,-0.5609748304808925,1,0,0,1,10
1,1,0,-0.8360147417675174,0,2,110413,0.955306180872432,2,0.6792945838081278,0,0,4,3,10
0,2,1,1.3547978824094378,0,0,237565,-0.3464013457401724,2,-0.5609748304808925,1,0,2,2,10
1,1,1,2.3368863001439353,1,1,13567,0.9462455716384695,0,0.6792945838081278,0,0,2,3,10
0,3,1,-0.533833690156903,0,0,14973,-0.4863374216869257,2,-0.5609748304808925,1,0,0,1,10
0,3,1,-0.38274316435159567,0,0,A./5. 3235,-0.4863374216869257,2,-0.5609748304808925,1,0,0,1,1
0,3,1,0.44825472757759427,0,0,STON/O 2. 3101273,-0.5049620073345151,2,-0.5609748304808925,1,0,0,0,26
1,1,0,1.732524196922706,1,0,36947,0.9274538680872313,0,0.059159876663617626,0,0,2,3,10
0,3,1,1.3547978824094378,0,0,A/5 3902,-0.5024451714361923,2,-0.5609748304808925,1,0,2,0,1
0,3,0,-0.38274316435159567,0,2,364848,-0.49237782784290063,1,0.6792945838081278,0,0,0,0,10
0,2,1,0.5993452533829016,1,0,SC/AH 29037,-0.12491978668775715,2,0.059159876663617626,0,0,0,2,16
0,3,1,0.523799990480248,1,1,345773,-0.1621689579829361,2,0.6792945838081278,0,0,0,2,10
1,2,0,-0.0050168498383275206,0,0,248727,0.016023023618325298,2,-0.5609748304808925,1,0,0,3,10
0,3,1,1.5058884082147452,0,0,LINE,-0.6484216535389205,2,-0.5609748304808925,1,0,2,0,9
0,3,1,-0.38274316435159567,0,0,2664,-0.5029485386158568,0,-0.5609748304808925,1,0,0,0,10
1,1,1,1.5058884082147452,1,0,PC 17485,0.49782998024351216,0,0.059159876663617626,0,0,2,3,11
1,2,0,-0.38274316435159567,2,1,243847,-0.10478509950117394,2,1.299429290952638,0,0,0,2,10
0,3,1,-0.38274316435159567,0,0,349214,-0.4894421904510968,2,-0.5609748304808925,1,0,0,0,10
0,1,1,0.5993452533829016,0,0,113796,0.2052890831722074,2,-0.5609748304808925,1,0,0,3,10
0,3,1,1.128162093701477,0,0,364511,-0.4863374216869257,2,-0.5609748304808925,1,0,2,1,10
1,1,1,0.44825472757759427,0,0,111426,-0.11384570873513637,0,-0.5609748304808925,1,0,0,2,10
0,3,1,0.523799990480248,1,0,349910,-0.3353272677875516,2,0.059159876663617626,0,0,0,2,10
0,3,1,0.07052841306432611,0,0,349246,-0.4894421904510968,2,-0.5609748304808925,1,0,0,0,10
1,1,1,-0.15610737564363478,0,0,113804,-0.034313694348132716,2,-0.5609748304808925,1,0,0,2,10
1,2,0,-0.533833690156903,1,2,SC/Paris 2123,0.18876253192945994,0,1.299429290952638,0,0,0,3,19
1,1,0,0.8259810420908624,0,0,PC 17582,2.441497778832105,2,-0.5609748304808925,1,0,0,3,11
0,3,0,0.7504357791882088,1,5,347082,-0.01870931177853076,2,3.1598334123861687,0,0,0,3,10
0,3,1,-0.38274316435159567,0,0,SOTON/O.Q. 3101305,-0.5064721088735089,2,-0.5609748304808925,1,0,0,0,24
1,3,0,-0.38274316435159567,1,0,367230,-0.3363340021468808,1,0.059159876663617626,0,0,0,2,10
0,3,1,-0.38274316435159567,0,0,370377,-0.49237782784290063,1,-0.5609748304808925,1,0,0,0,10
0,3,1,0.44825472757759427,0,0,364512,-0.4863374216869257,2,-0.5609748304808925,1,0,0,1,10
1,2,0,-0.38274316435159567,1,2,220845,0.6603330135889879,2,1.299429290952638,0,0,0,3,10
0,3,1,0.37270946467494065,1,1,347080,-0.35848215805212236,2,0.6792945838081278,0,0,0,1,10
0,3,0,-0.23165263854628843,1,0,A/5. 3336,-0.32425318983493084,2,0.059159876663617626,0,0,0,2,1
1,2,0,-1.8936484224046684,2,1,230136,0.13683114673782454,2,1.299429290952638,0,0,1,3,10
0,2,1,-0.23165263854628843,0,0,31028,-0.43700743807979686,2,-0.5609748304808925,1,0,0,1,10
0,3,1,-0.15610737564363478,1,0,2659,-0.3573908580066095,0,0.059159876663617626,0,0,0,1,10
1,1,1,0.9770715678961697,1,0,11753,0.40974072380221066,2,0.059159876663617626,0,0,2,3,10
1,3,1,-0.6849242159622102,1,1,2653,-0.33146744825388363,0,0.6792945838081278,0,0,4,2,10
0,3,1,-0.6093789530595566,0,0,350029,-0.4902797934380587,2,-0.5609748304808925,1,0,0,0,10
0,3,1,-0.6093789530595566,0,0,54636,-0.32425318983493084,2,-0.5609748304808925,1,0,0,2,10
0,1,1,2.4124315630465887,0,0,36963,0.002347544081197954,2,-0.5609748304808925,1,0,3,3,10
0,2,1,2.110250511435974,0,0,219533,-0.3997582667846179,1,-0.5609748304808925,1,0,2,1,10
1,1,0,-0.6093789530595566,0,0,13502,0.921244330558889,2,-0.5609748304808925,1,0,0,3,10
0,3,1,-0.23165263854628843,0,0,349224,-0.4894421904510968,2,-0.5609748304808925,1,0,0,0,10
0,3,1,-0.38274316435159567,0,0,334912,-0.49271407711891657,1,-0.5609748304808925,1,0,0,0,10
1,1,1,3.8477915581970077,0,0,27042,-0.04438103794142432,2,-0.5609748304808925,1,0,3,2,10
0,3,1,1.6569789340200525,0,0,347743,-0.5063875431873253,2,-0.5609748304808925,1,0,2,0,10
1,1,1,0.22161893886963338,0,0,13214,-0.034313694348132716,0,-0.5609748304808925,1,0,0,2,10
0,1,1,0.5993452533829016,0,0,112052,-0.6484216535389205,2,-0.5609748304808925,1,0,0,0,10
0,3,0,-1.5159221078914003,3,2,347088,-0.08666388103324908,2,2.5396987052416584,0,0,1,2,10
1,2,0,-0.08056211274098116,0,0,237668,-0.3866707201133388,2,-0.5609748304808925,1,0,0,1,10
0,3,1,0.22161893886963338,0,0,STON/O 2. 3101292,-0.4888542575852486,2,-0.5609748304808925,1,0,0,1,26
0,2,1,0.14607367596697973,1,1,C.A. 31921,-0.11988611489111134,2,0.6792945838081278,0,0,0,2,4
0,3,0,0.901526304993516,0,5,3101295,0.1506737441786005,2,2.5396987052416584,0,0,2,3,10
0,3,1,-0.38274316435159567,1,0,376564,-0.32425318983493084,2,0.059159876663617626,0,0,0,2,10
0,3,1,-0.6849242159622102,0,0,350050,-0.4902797934380587,2,-0.5609748304808925,1,0,4,0,10
1,1,0,-0.38274316435159567,0,0,PC 17477,0.7469121684912956,0,-0.5609748304808925,1,0,0,3,11
0,3,0,-2.0447389482099756,3,2,347088,-0.08666388103324908,2,2.5396987052416584,0,0,1,2,10
1,3,1,-0.38274316435159567,0,0,1601,0.48910360681684706,2,-0.5609748304808925,1,0,0,3,10
1,3,0,-2.1391705268382926,2,1,2666,-0.26066180729354516,0,1.299429290952638,0,0,1,2,10
1,1,1,1.4303431453120916,1,0,PC 17572,0.8964967865378598,0,0.059159876663617626,0,0,2,3,11
0,3,1,-0.7604694788648638,0,0,349231,-0.4894421904510968,2,-0.5609748304808925,1,0,4,0,10
1,1,1,2.0347052485333204,0,0,13213,0.06635974158478332,0,-0.5609748304808925,1,0,2,3,10
0,3,1,-0.38274316435159567,0,0,S.O./P.P. 751,-0.49640476528021726,2,-0.5609748304808925,1,0,0,0,22
1,3,0,-0.45828842725424934,0,0,CA. 2314,-0.49640476528021726,2,-0.5609748304808925,1,0,0,0,4
0,3,1,-0.38274316435159567,0,0,349221,-0.4894421904510968,2,-0.5609748304808925,1,0,0,0,10
1,2,0,-0.8360147417675174,0,1,231919,-0.18532384824750675,2,0.059159876663617626,0,0,4,2,10
0,3,1,-0.6093789530595566,0,0,8475,-0.47861979608830835,2,-0.5609748304808925,1,0,0,1,10
1,3,0,-0.38274316435159567,0,0,330919,-0.49078316061772326,1,-0.5609748304808925,1,0,0,0,10
0,3,0,-0.8360147417675174,0,0,365226,-0.5125125150294839,1,-0.5609748304808925,1,0,4,0,10
0,2,1,-0.38274316435159567,2,0,S.O.C. 14879,0.8314778546749452,2,0.6792945838081278,0,0,0,3,20
0,3,1,-0.38274316435159567,0,0,349223,-0.4894421904510968,2,-0.5609748304808925,1,0,0,0,10
0,3,0,0.22161893886963338,1,1,364849,-0.3363340021468808,1,0.6792945838081278,0,0,0,2,10
0,2,1,-0.45828842725424934,0,0,29751,-0.3866707201133388,2,-0.5609748304808925,1,0,0,1,10
0,1,1,2.185795774338628,0,2,35273,1.6323350375212924,0,0.6792945838081278,0,0,2,3,10
1,1,1,1.5814336711173989,2,0,PC 17611,2.042579288947925,2,0.6792945838081278,0,0,2,3,11
0,3,1,0.8259810420908624,0,0,2623,-0.5029485386158568,0,-0.5609748304808925,1,0,0,0,10
0,1,1,1.3547978824094378,0,0,5727,-0.13322534515222276,2,-0.5609748304808925,1,0,2,2,10
0,3,1,0.523799990480248,0,0,349210,-0.4974960653257301,2,-0.5609748304808925,1,0,0,0,10
1,3,1,-0.6849242159622102,1,0,STON/O 2. 3101285,-0.4888542575852486,2,0.059159876663617626,0,0,4,1,26
0,2,1,0.22161893886963338,2,0,S.O.C. 14879,0.8314778546749452,2,0.6792945838081278,0,0,0,3,20
0,2,1,-0.30719790144894205,0,0,234686,-0.3866707201133388,2,-0.5609748304808925,1,0,0,1,10
0,3,1,-0.38274316435159567,0,0,312993,-0.4918744606632361,2,-0.5609748304808925,1,0,0,0,10
0,3,1,1.0526168307988233,0,0,A/5 3536,-0.4863374216869257,2,-0.5609748304808925,1,0,2,1,1
1,1,0,0.5993452533829016,1,0,19996,0.39858208016340624,2,0.059159876663617626,0,0,0,3,10
1,2,0,0.8259810420908624,1,1,29750,0.13683114673782454,2,0.6792945838081278,0,0,0,3,10
0,1,1,0.14607367596697973,1,0,F.C. 12750,0.39858208016340624,2,0.059159876663617626,0,0,0,3,6
0,2,1,3.092338929170471,0,0,C.A. 24580,-0.43700743807979686,2,-0.5609748304808925,1,0,3,1,4
1,2,1,0.14607367596697973,0,0,244270,-0.3866707201133388,2,-0.5609748304808925,1,0,0,1,10
0,2,1,-0.0050168498383275206,0,0,239856,-0.6484216535389205,2,-0.5609748304808925,1,0,0,0,10
0,3,1,-0.8360147417675174,0,0,349912,-0.4918744606632361,2,-0.5609748304808925,1,0,4,0,10
0,3,1,-0.34497053290026886,0,0,342826,-0.4863374216869257,2,-0.5609748304808925,1,0,0,1,10
1,3,0,-0.8360147417675174,0,0,4138,-0.45026210265472455,2,-0.5609748304808925,1,0,4,1,10
0,3,0,1.0526168307988233,1,6,CA 2144,0.2958951755118318,2,3.779968119530679,0,0,2,3,4
1,1,1,0.523799990480248,0,1,PC 17755,9.667166525013505,0,0.059159876663617626,0,0,0,3,11
0,3,0,-0.38274316435159567,0,0,330935,-0.48457563655809965,1,-0.5609748304808925,1,0,0,1,10
1,1,1,-0.15610737564363478,0,0,PC 17572,0.8964967865378598,0,-0.5609748304808925,1,0,0,3,11
0,3,1,-0.6849242159622102,0,0,6563,-0.4626791642426904,2,-0.5609748304808925,1,0,4,1,10
0,3,1,-1.138195793378132,5,2,CA 2144,0.2958951755118318,2,3.779968119530679,0,0,4,3,4
0,2,1,2.3368863001439353,1,1,29750,0.13683114673782454,2,0.6792945838081278,0,0,2,3,10
0,2,1,-0.30719790144894205,1,2,SC/Paris 2123,0.18876253192945994,0,1.299429290952638,0,0,0,3,19
0,3,1,-1.138195793378132,4,1,3101295,0.1506737441786005,2,2.5396987052416584,0,0,4,3,10
0,3,1,-0.7604694788648638,0,0,349228,-0.44363577710162005,2,-0.5609748304808925,1,0,4,1,10
0,3,1,-0.8360147417675174,0,0,350036,-0.49145565916975514,2,-0.5609748304808925,1,0,4,0,10
1,1,0,-1.0626505304754783,0,1,24160,3.6067927997556075,2,0.059159876663617626,0,0,4,3,10
1,1,1,0.14607367596697973,1,0,17474,0.49925551609632224,2,0.059159876663617626,0,0,0,3,10
1,3,0,-1.8936484224046684,0,1,349256,-0.37828059596268965,0,0.059159876663617626,0,0,1,1,10
1,3,1,-0.38274316435159567,0,0,1601,0.48910360681684706,2,-0.5609748304808925,1,0,0,3,10
0,3,1,-0.30719790144894205,0,0,2672,-0.5029485386158568,0,-0.5609748304808925,1,0,0,0,10
0,1,1,2.3368863001439353,0,0,113800,-0.11384570873513637,2,-0.5609748304808925,1,0,2,2,10
0,2,1,1.732524196922706,0,0,248731,-0.3766033765200472,2,-0.5609748304808925,1,0,2,1,10
0,3,1,1.128162093701477,0,0,363592,-0.4863374216869257,2,-0.5609748304808925,1,0,2,1,10
1,3,0,-0.38274316435159567,0,0,35852,-0.49271407711891657,1,-0.5609748304808925,1,0,0,0,10
0,1,1,1.5058884082147452,1,1,17421,1.5841789061771412,0,0.6792945838081278,0,0,2,3,10
0,3,1,0.9770715678961697,0,0,348121,-0.494391296561559,2,-0.5609748304808925,1,0,2,0,10
1,1,0,-0.8360147417675174,1,0,PC 17757,3.9327230485884233,0,0.059159876663617626,0,0,4,3,11
1,1,1,0.44825472757759427,0,0,PC 17475,-0.11913106412161445,2,-0.5609748304808925,1,0,0,2,11
0,3,0,-0.8360147417675174,0,1,2691,-0.3573908580066095,0,0.059159876663617626,0,0,4,1,10
0,3,1,-0.30719790144894205,0,0,36864,-0.4925449457465493,1,-0.5609748304808925,1,0,0,0,10
0,3,1,-0.23165263854628843,1,0,350025,-0.4902797934380587,2,0.059159876663617626,0,0,0,0,10
0,2,1,0.7504357791882088,0,0,250655,-0.12491978668775715,2,-0.5609748304808925,1,0,0,2,10
1,2,0,1.2037073566041305,0,0,223596,-0.3766033765200472,2,-0.5609748304808925,1,0,2,1,10
1,1,1,0.9770715678961697,0,0,PC 17476,-0.11913106412161445,2,-0.5609748304808925,1,0,2,2,11
1,1,0,-0.533833690156903,0,0,113781,2.4029901895877646,2,-0.5609748304808925,1,0,0,3,10
1,3,1,-0.38274316435159567,1,1,2661,-0.3414522396297103,0,0.6792945838081278,0,0,0,2,10
1,1,0,-0.38274316435159567,0,0,PC 17482,0.3483299278831318,0,-0.5609748304808925,1,0,0,3,11
0,1,1,0.5993452533829016,0,0,113028,-0.11384570873513637,2,-0.5609748304808925,1,0,0,2,10
1,1,1,1.4303431453120916,1,0,19996,0.39858208016340624,2,0.059159876663617626,0,0,2,3,10
0,3,1,-0.0050168498383275206,0,0,7545,-0.457478374542396,2,-0.5609748304808925,1,0,0,1,10
0,2,1,1.732524196922706,0,0,250647,-0.3866707201133388,2,-0.5609748304808925,1,0,2,1,10
0,3,1,-0.7604694788648638,0,0,348124,-0.494391296561559,2,-0.5609748304808925,1,0,4,0,10
1,1,0,0.6748905162855552,0,0,PC 17757,3.9327230485884233,0,-0.5609748304808925,1,0,0,3,11
1,2,0,-0.15610737564363478,0,0,34218,-0.43700743807979686,2,-0.5609748304808925,1,0,0,1,10
0,3,1,-0.38274316435159567,0,0,36568,-0.3363340021468808,1,-0.5609748304808925,1,0,0,2,10
0,3,1,0.29716420177228703,0,0,347062,-0.4918744606632361,2,-0.5609748304808925,1,0,0,0,10
1,2,0,-1.7425578965993611,0,1,248727,0.016023023618325298,2,0.059159876663617626,0,0,1,3,10
0,3,1,-0.9115600046701711,1,0,350048,-0.5063875431873253,2,0.059159876663617626,0,0,4,0,10
0,2,1,0.37270946467494065,0,0,12233,-0.3866707201133388,2,-0.5609748304808925,1,0,0,1,10
0,2,1,1.5814336711173989,0,0,250643,-0.3866707201133388,2,-0.5609748304808925,1,0,2,1,10
1,1,1,-0.15610737564363478,1,0,113806,0.4207302360686478,2,0.059159876663617626,0,0,0,3,10
0,3,1,-0.6849242159622102,0,0,315094,-0.47400492578514347,2,-0.5609748304808925,1,0,4,1,10
1,2,0,0.07052841306432611,3,0,31027,-0.22559322262067316,2,1.299429290952638,0,0,0,2,10
1,3,0,-0.38274316435159567,0,0,36866,-0.4926295114327329,1,-0.5609748304808925,1,0,0,0,10
0,2,1,-0.30719790144894205,1,0,236853,-0.12491978668775715,2,0.059159876663617626,0,0,0,2,10
0,3,0,-0.30719790144894205,1,0,STON/O2. 3101271,-0.4888542575852486,2,0.059159876663617626,0,0,0,1,27
1,1,0,-0.0050168498383275206,0,0,24160,3.6067927997556075,2,-0.5609748304808925,1,0,0,3,10
0,3,1,-1.364831582086093,0,0,2699,-0.2701412180209885,0,-0.5609748304808925,1,0,1,2,10
0,2,1,-0.0050168498383275206,0,0,239855,-0.6484216535389205,2,-0.5609748304808925,1,0,0,0,10
0,2,1,-0.45828842725424934,0,0,28425,-0.3866707201133388,2,-0.5609748304808925,1,0,0,1,10
0,2,1,-0.45828842725424934,0,0,233639,-0.3866707201133388,2,-0.5609748304808925,1,0,0,1,10
0,3,1,-0.04278948128965434,0,0,54636,-0.32425318983493084,2,-0.5609748304808925,1,0,0,2,10
0,3,0,1.4303431453120916,1,3,W./C. 6608,0.04370821849987721,2,1.9195639980971482,0,0,2,3,29
1,1,1,0.44825472757759427,0,0,PC 17755,9.667166525013505,0,-0.5609748304808925,1,0,0,3,11
0,3,1,-0.38274316435159567,0,0,349201,-0.4894421904510968,2,-0.5609748304808925,1,0,0,0,10
0,3,1,-0.38274316435159567,0,0,349218,-0.4894421904510968,2,-0.5609748304808925,1,0,0,0,10
1,1,1,0.5993452533829016,0,0,16988,-0.04438103794142432,2,-0.5609748304808925,1,0,0,2,10
0,1,1,0.523799990480248,1,0,19877,0.9391984311231651,2,0.059159876663617626,0,0,0,3,10
1,1,0,-0.6093789530595566,2,2,PC 17608,4.634416897040849,0,1.9195639980971482,0,0,0,3,11
0,3,1,-0.38274316435159567,1,0,376566,-0.32425318983493084,2,0.059159876663617626,0,0,0,2,10
1,3,1,0.14607367596697973,0,0,STON/O 2. 3101288,-0.4888542575852486,2,-0.5609748304808925,1,0,0,1,26
0,1,1,3.092338929170471,1,1,WE/P 5735,0.7811411367084872,2,0.6792945838081278,0,0,3,3,30
0,3,1,-0.9871052675728248,1,1,C.A. 2673,-0.24069423801061057,2,0.6792945838081278,0,0,4,2,4
1,2,0,0.07052841306432611,0,0,250648,-0.3866707201133388,2,-0.5609748304808925,1,0,0,1,10
0,1,1,-0.7604694788648638,1,0,113773,0.4207302360686478,2,0.059159876663617626,0,0,4,3,10
0,3,1,0.14607367596697973,0,0,335097,-0.49237782784290063,1,-0.5609748304808925,1,0,0,0,10
1,2,0,-1.8936484224046684,1,1,29103,-0.18532384824750675,2,0.6792945838081278,0,0,1,2,10
1,3,1,-1.7425578965993611,0,1,392096,-0.397241430886295,2,0.059159876663617626,0,0,1,1,10
0,3,1,0.29716420177228703,0,0,345780,-0.45714212526638004,2,-0.5609748304808925,1,0,0,1,10
0,3,1,-0.45828842725424934,0,0,349204,-0.4894421904510968,2,-0.5609748304808925,1,0,0,0,10
1,2,0,1.4303431453120916,1,2,220845,0.6603330135889879,2,1.299429290952638,0,0,2,3,10
1,2,1,-2.145214147870505,1,1,250649,-0.35646868933346404,2,0.6792945838081278,0,0,1,2,10
0,3,1,-0.08056211274098116,0,0,350042,-0.49145565916975514,2,-0.5609748304808925,1,0,0,0,10
0,2,1,-0.8360147417675174,0,0,29108,-0.41687275089321363,2,-0.5609748304808925,1,0,4,1,10
0,3,1,0.37270946467494065,0,0,363294,-0.4863374216869257,2,-0.5609748304808925,1,0,0,1,10
1,1,0,0.29716420177228703,0,0,110152,1.093228788100527,2,-0.5609748304808925,1,0,0,3,10
0,3,1,-0.38274316435159567,0,0,358585,-0.35646868933346404,2,-0.5609748304808925,1,0,0,2,10
0,3,1,0.901526304993516,0,0,SOTON/O2 3101272,-0.5049620073345151,2,-0.5609748304808925,1,0,2,0,23
1,3,1,-0.6849242159622102,0,0,2663,-0.5028639729296732,0,-0.5609748304808925,1,0,4,0,10
1,1,0,0.523799990480248,1,2,113760,1.7677408088510642,2,1.299429290952638,0,0,0,3,10
0,3,1,-0.9871052675728248,0,0,347074,-0.4918744606632361,2,-0.5609748304808925,1,0,4,0,10
1,1,0,1.6569789340200525,1,0,13502,0.921244330558889,2,0.059159876663617626,0,0,2,3,10
0,1,1,0.5993452533829016,0,0,112379,0.1489119590497745,0,-0.5609748304808925,1,0,0,3,10
0,3,0,0.10830104451565292,0,0,364850,-0.49237782784290063,1,-0.5609748304808925,1,0,0,0,10
0,3,1,-0.38274316435159567,1,0,371110,-0.1621689579829361,1,0.059159876663617626,0,0,0,2,10
0,3,1,0.22161893886963338,0,0,8471,-0.4800453319411184,2,-0.5609748304808925,1,0,0,1,10
0,3,1,-0.38274316435159567,0,0,345781,-0.45714212526638004,2,-0.5609748304808925,1,0,0,1,10
0,3,1,1.4303431453120916,0,0,350047,-0.4902797934380587,2,-0.5609748304808925,1,0,2,0,10
0,2,0,2.110250511435974,0,0,S.O./P.P. 3,-0.43700743807979686,2,-0.5609748304808925,1,0,2,1,22
0,3,1,-0.38274316435159567,0,0,2674,-0.5029485386158568,0,-0.5609748304808925,1,0,0,0,10
1,2,0,1.8836147227280133,1,3,29105,-0.18532384824750675,2,1.9195639980971482,0,0,2,2,10
0,3,1,-0.8360147417675174,0,0,347078,-0.49237782784290063,2,-0.5609748304808925,1,0,4,0,10
0,3,1,-0.38274316435159567,0,0,383121,-0.49237782784290063,1,-0.5609748304808925,1,0,0,0,10
1,3,0,-1.8181031595020147,0,0,364516,-0.397241430886295,2,-0.5609748304808925,1,0,1,1,10
0,3,1,-0.38274316435159567,0,0,36865,-0.4926295114327329,1,-0.5609748304808925,1,0,0,0,10
1,1,0,1.0526168307988233,0,1,24160,3.6067927997556075,2,0.059159876663617626,0,0,2,3,10
1,3,0,-1.2137410562807855,0,0,2687,-0.5028639729296732,0,-0.5609748304808925,1,0,4,0,10
1,1,0,-0.9115600046701711,1,0,17474,0.49925551609632224,2,0.059159876663617626,0,0,4,3,10
0,1,1,-0.0050168498383275206,0,0,113501,-0.04438103794142432,2,-0.5609748304808925,1,0,0,2,10
0,3,1,-0.38274316435159567,1,2,W./C. 6607,-0.17626323901354432,2,1.299429290952638,0,0,0,2,29
0,3,1,-0.30719790144894205,0,0,SOTON/O.Q. 3101312,-0.5064721088735089,2,-0.5609748304808925,1,0,0,0,24
0,3,1,-0.30719790144894205,0,0,374887,-0.5024451714361923,2,-0.5609748304808925,1,0,0,0,10
1,3,0,-0.8360147417675174,0,0,3101265,-0.4974960653257301,2,-0.5609748304808925,1,0,4,0,10
0,3,1,-1.5914673707940539,4,1,382652,-0.06199888922968463,1,2.5396987052416584,0,0,1,2,10
1,3,1,-2.1202842111126294,1,2,C.A. 2315,-0.23415046467497105,2,1.299429290952638,0,0,1,2,4
0,1,1,1.2792526195067841,0,0,PC 17593,0.9462455716384695,0,-0.5609748304808925,1,0,2,3,11
0,3,1,-0.38274316435159567,0,0,12460,-0.49237782784290063,1,-0.5609748304808925,1,0,0,0,10
0,2,1,-0.9871052675728248,0,0,239865,-0.12491978668775715,2,-0.5609748304808925,1,0,4,2,10
0,3,0,-0.38274316435159567,8,2,CA. 2343,0.7519458402879414,2,5.64037224096421,0,0,0,3,4
0,1,1,0.5993452533829016,0,0,PC 17600,-0.030371322596999754,0,-0.5609748304808925,1,0,0,2,11
0,3,1,-0.30719790144894205,0,0,349203,-0.4894421904510968,2,-0.5609748304808925,1,0,0,0,10
0,2,1,0.7504357791882088,0,0,28213,-0.3866707201133388,2,-0.5609748304808925,1,0,0,1,10
1,1,0,1.5058884082147452,0,0,17465,-0.1263453225405672,2,-0.5609748304808925,1,0,2,2,10
1,3,0,0.14607367596697973,0,0,349244,-0.4735861242916626,2,-0.5609748304808925,1,0,0,1,10
0,3,1,0.07052841306432611,0,0,2685,-0.5028639729296732,0,-0.5609748304808925,1,0,0,0,10
0,3,0,0.07052841306432611,1,1,345773,-0.1621689579829361,2,0.6792945838081278,0,0,0,2,10
0,2,1,0.37270946467494065,0,0,250647,-0.3866707201133388,2,-0.5609748304808925,1,0,0,1,10
1,2,0,0.14607367596697973,1,1,C.A. 31921,-0.11988611489111134,2,0.6792945838081278,0,0,0,2,4
1,1,1,-1.364831582086093,1,2,113760,1.7677408088510642,2,1.299429290952638,0,0,1,3,10
1,3,1,-2.164100463596168,0,1,2625,-0.47694056317694733,0,0.059159876663617626,0,0,1,1,10
1,3,1,-0.15610737564363478,0,0,347089,-0.5079822104125026,2,-0.5609748304808925,1,0,0,0,10
0,3,1,0.14607367596697973,0,0,347063,-0.4918744606632361,2,-0.5609748304808925,1,0,0,0,10
0,1,1,0.7504357791882088,0,0,112050,-0.6484216535389205,2,-0.5609748304808925,1,0,0,0,10
0,3,0,-0.8360147417675174,0,0,347087,-0.4918744606632361,2,-0.5609748304808925,1,0,4,0,10
0,2,1,0.7504357791882088,0,0,248723,-0.3866707201133388,2,-0.5609748304808925,1,0,0,1,10
1,1,0,0.29716420177228703,1,0,113806,0.4207302360686478,2,0.059159876663617626,0,0,0,3,10
0,3,1,-0.23165263854628843,0,0,3474,-0.4896093083547455,2,-0.5609748304808925,1,0,0,0,10
0,3,1,0.7504357791882088,0,0,A/4 48871,-0.1621689579829361,2,-0.5609748304808925,1,0,0,2,0
0,2,1,0.44825472757759427,0,0,28206,-0.43700743807979686,2,-0.5609748304808925,1,0,0,1,10
0,3,0,-1.7425578965993611,4,2,347082,-0.01870931177853076,2,3.1598334123861687,0,0,1,3,10
0,3,1,0.10830104451565292,0,0,364499,-0.4863374216869257,2,-0.5609748304808925,1,0,0,1,10
0,1,1,0.5993452533829016,0,0,112058,-0.6484216535389205,2,-0.5609748304808925,1,0,0,0,10
0,3,0,-0.45828842725424934,0,0,STON/O2. 3101290,-0.4888542575852486,2,-0.5609748304808925,1,0,0,1,27
0,2,1,0.14607367596697973,1,1,S.C./PARIS 2079,0.09664633805084172,0,0.6792945838081278,0,0,0,3,18
0,3,1,1.0526168307988233,0,0,C 7075,-0.5185529211854588,2,-0.5609748304808925,1,0,2,0,3
0,3,1,-1.4403768449887466,3,2,347088,-0.08666388103324908,2,2.5396987052416584,0,0,1,2,10
1,1,0,1.732524196922706,1,1,12749,1.2341715984066093,2,0.6792945838081278,0,0,2,3,10
1,3,1,-0.15610737564363478,0,0,315098,-0.47400492578514347,2,-0.5609748304808925,1,0,0,1,10
0,1,1,0.6748905162855552,0,0,19972,-0.6484216535389205,2,-0.5609748304808925,1,0,0,0,10
1,3,0,-0.15610737564363478,0,1,392096,-0.397241430886295,2,0.059159876663617626,0,0,0,1,10
0,3,1,-2.0447389482099756,4,1,3101295,0.1506737441786005,2,2.5396987052416584,0,0,1,3,10
0,3,1,-0.38274316435159567,0,0,368323,-0.5084855775921673,1,-0.5609748304808925,1,0,0,0,10
0,3,1,-0.38274316435159567,0,0,1601,0.48910360681684706,2,-0.5609748304808925,1,0,0,3,10
1,2,1,-2.1202842111126294,0,2,S.C./PARIS 2079,0.09664633805084172,0,0.6792945838081278,0,0,1,3,18
1,3,1,-0.38274316435159567,0,0,367228,-0.49237782784290063,1,-0.5609748304808925,1,0,0,0,10
1,1,0,2.487976825949242,0,0,113572,0.962353321387736,2,-0.5609748304808925,1,0,3,3,10
1,3,0,-1.0626505304754783,1,0,2659,-0.3573908580066095,0,0.059159876663617626,0,0,4,1,10
1,2,1,-2.1331269058060807,1,1,29106,-0.2708962687904854,2,0.6792945838081278,0,0,1,2,10
0,3,1,-0.38274316435159567,0,0,2671,-0.5028639729296732,0,-0.5609748304808925,1,0,0,0,10
0,3,1,-0.45828842725424934,0,0,347468,-0.4902797934380587,2,-0.5609748304808925,1,0,0,0,10
0,3,1,-0.8360147417675174,0,0,2223,-0.48130374989027985,2,-0.5609748304808925,1,0,4,1,10
1,1,0,0.7504357791882088,1,1,PC 17756,1.0259447039291216,0,0.6792945838081278,0,0,0,3,11
0,3,1,-0.6093789530595566,0,0,315097,-0.47400492578514347,2,-0.5609748304808925,1,0,0,1,10
0,3,1,-0.38274316435159567,0,0,392092,-0.4863374216869257,2,-0.5609748304808925,1,0,0,1,10
1,3,1,0.22161893886963338,0,0,1601,0.48910360681684706,2,-0.5609748304808925,1,0,0,3,10
1,1,1,0.5993452533829016,0,0,11774,-0.05042144409739929,0,-0.5609748304808925,1,0,0,2,10
0,3,1,-0.6849242159622102,0,0,SOTON/O2 3101287,-0.4888542575852486,2,-0.5609748304808925,1,0,4,1,23
0,2,1,-0.9871052675728248,0,0,S.O./P.P. 3,-0.43700743807979686,2,-0.5609748304808925,1,0,4,1,22
1,1,0,0.07052841306432611,0,0,113798,-0.024246350754841113,0,-0.5609748304808925,1,0,0,2,10
0,3,1,0.41048209612626746,0,0,2683,-0.5188046047752911,0,-0.5609748304808925,1,0,0,0,10
0,3,1,-0.9115600046701711,0,0,315090,-0.47400492578514347,2,-0.5609748304808925,1,0,4,1,10
0,3,1,0.9770715678961697,0,0,C.A. 5547,-0.49640476528021726,2,-0.5609748304808925,1,0,2,0,4
0,3,1,-0.38274316435159567,8,2,CA. 2343,0.7519458402879414,2,5.64037224096421,0,0,0,3,4
0,3,1,0.44825472757759427,0,0,349213,-0.4894421904510968,0,-0.5609748304808925,1,0,0,0,10
0,2,1,-0.08056211274098116,0,1,248727,0.016023023618325298,2,0.059159876663617626,0,0,0,3,10
1,1,0,0.5993452533829016,1,0,17453,1.145663540471827,0,0.059159876663617626,0,0,0,3,10
0,3,1,-1.8936484224046684,4,2,347082,-0.01870931177853076,2,3.1598334123861687,0,0,1,3,10
0,3,1,3.3945199807810855,0,0,347060,-0.4918744606632361,2,-0.5609748304808925,1,0,3,0,10
0,3,0,-1.5159221078914003,1,1,2678,-0.3414522396297103,0,0.6792945838081278,0,0,1,2,10
1,1,0,-0.9871052675728248,0,1,PC 17592,0.14488502161245778,2,0.059159876663617626,0,0,4,3,11
0,2,0,1.128162093701477,1,0,244252,-0.12491978668775715,2,0.059159876663617626,0,0,2,2,10
1,3,0,-0.8360147417675174,0,1,392091,-0.4601623283443675,2,0.059159876663617626,0,0,4,1,10
1,1,0,1.2037073566041305,1,1,36928,2.671117778445337,2,0.6792945838081278,0,0,2,3,10
1,1,1,1.6569789340200525,0,0,113055,-0.11384570873513637,2,-0.5609748304808925,1,0,2,2,10
1,3,0,-0.38274316435159567,0,3,2666,-0.26066180729354516,0,1.299429290952638,0,0,0,2,10
0,3,1,-0.38274316435159567,0,0,2629,-0.5028639729296732,0,-0.5609748304808925,1,0,0,0,10
0,3,1,0.901526304993516,2,0,350026,-0.36435544630444866,2,0.6792945838081278,0,0,2,1,10
0,2,1,-0.6093789530595566,1,0,28134,-0.41687275089321363,2,0.059159876663617626,0,0,0,1,10
1,1,0,1.4303431453120916,0,0,17466,-0.1263453225405672,2,-0.5609748304808925,1,0,2,2,10
0,3,0,-0.38274316435159567,8,2,CA. 2343,0.7519458402879414,2,5.64037224096421,0,0,0,3,4
0,2,1,-0.38274316435159567,0,0,233866,-0.3866707201133388,2,-0.5609748304808925,1,0,0,1,10
1,2,0,0.9770715678961697,0,0,236852,-0.3866707201133388,2,-0.5609748304808925,1,0,2,1,10
1,2,0,-0.15610737564363478,1,0,SC/PARIS 2149,-0.3693891181010945,0,0.059159876663617626,0,0,0,1,18
0,1,1,0.14607367596697973,0,0,PC 17590,0.3682954836973478,2,-0.5609748304808925,1,0,0,3,11
0,3,1,-0.38274316435159567,0,0,345777,-0.45714212526638004,2,-0.5609748304808925,1,0,0,1,10
1,3,1,-1.8936484224046684,1,1,347742,-0.4242561406845337,2,0.6792945838081278,0,0,1,1,10
0,3,1,-0.23165263854628843,0,0,349248,-0.4894421904510968,2,-0.5609748304808925,1,0,0,0,10
1,1,0,1.3547978824094378,1,1,11751,0.40974072380221066,2,0.6792945838081278,0,0,2,3,10
0,1,1,0.29716420177228703,0,0,695,-0.5477482176060045,2,-0.5609748304808925,1,0,0,0,10
0,3,1,1.3547978824094378,0,0,345765,-0.46720946885967163,2,-0.5609748304808925,1,0,2,1,10
1,2,0,-0.08056211274098116,1,0,P/PP 3381,-0.16518916106092355,0,0.059159876663617626,0,0,0,2,13
1,3,0,-1.0626505304754783,0,0,2667,-0.5029485386158568,0,-0.5609748304808925,1,0,4,0,10
0,3,1,-0.6849242159622102,0,0,7534,-0.45017955043725955,2,-0.5609748304808925,1,0,4,1,10
0,3,1,-0.7604694788648638,0,0,349212,-0.4894421904510968,2,-0.5609748304808925,1,0,4,0,10
0,3,1,-0.38274316435159567,0,0,349217,-0.4894421904510968,2,-0.5609748304808925,1,0,0,0,10
1,1,0,2.0347052485333204,0,1,11767,1.0259447039291216,0,0.059159876663617626,0,0,2,3,10
1,2,0,-0.30719790144894205,0,1,230433,-0.12491978668775715,2,0.059159876663617626,0,0,0,2,10
0,3,1,0.29716420177228703,0,0,349257,-0.4894421904510968,2,-0.5609748304808925,1,0,0,0,10
0,3,0,-0.533833690156903,0,0,7552,-0.4366711888037809,2,-0.5609748304808925,1,0,0,1,10
0,2,1,-0.08056211274098116,0,0,C.A./SOTON 34068,-0.43700743807979686,2,-0.5609748304808925,1,0,0,1,5
0,3,1,-0.30719790144894205,0,0,SOTON/OQ 392076,-0.5064721088735089,2,-0.5609748304808925,1,0,0,0,24
0,3,0,0.7504357791882088,0,5,382652,-0.06199888922968463,1,2.5396987052416584,0,0,0,2,10
0,2,1,-0.15610737564363478,0,0,211536,-0.3866707201133388,2,-0.5609748304808925,1,0,0,1,10
1,1,0,-0.7604694788648638,0,0,112053,-0.04438103794142432,2,-0.5609748304808925,1,0,4,2,10
0,3,0,-0.38274316435159567,1,2,W./C. 6607,-0.17626323901354432,2,1.299429290952638,0,0,0,2,29
1,1,1,-0.23165263854628843,0,0,111369,-0.04438103794142432,0,-0.5609748304808925,1,0,0,2,10
0,3,1,0.22161893886963338,0,0,370376,-0.49237782784290063,1,-0.5609748304808925,1,0,0,0,10
